日付,"取引
コード",振替先コード,"カテゴリー
コード",金額,メモ,カテゴリー,取引種類,支払い手段,立替区分,振替先,,,,
10/25,300,,,¥0,,,残高確認,現金,,,,,,
10/25,310,,,"¥103,295",,,残高確認,ソニー銀行,,,,,,
10/25,330,,,"-¥96,663",,,残高確認,三井住友カード,,,,,,
10/25,360,,,"¥3,542",,,残高確認,paypay,,,,,,
10/26,030,,702,"¥3,781",APPLE PENCIL 分割払い,学業教養/文房具,支出,三井住友カード,,,,,,
10/26,010,,801,"¥20,000",44th旅行,娯楽/娯楽,支出,ソニー銀行,,,,,,
10/26,010,,1001,¥110,振込手数料,その他/手数料,支出,ソニー銀行,,,,,,
10/27,010,,505,"¥1,700",タクシー,交通費/タクシー,支出,ソニー銀行,,,,,,
10/28,210,3,,"¥45,024",三井住友カード支払い,,振替,ソニー銀行,,三井住友カード,,,,
10/31,011,,704,"¥3,133",Claude AI,学業教養/ソフトウェア,支出,ソニー銀行,親,,,,,
10/31,350,,,"-¥92,424",d払い（10月分）（通信費含む）,,残高確認,d払い,,,,,,
11/1,210,0,,"¥5,000",引き出し,,振替,ソニー銀行,,現金,,,,
11/2,030,,202,"¥3,556",ご飯@横浜,食費/外食,支出,三井住友カード,,,,,,
11/2,030,,801,"¥9,400",ディズニー,娯楽/娯楽,支出,三井住友カード,,,,,,
11/2,031,,501,"¥3,000",PASMOチャージ,交通費/電車バス,支出,三井住友カード,親,,,,,
11/3,031,,205,"¥1,909",食材@オオゼキ,食費/家族,支出,三井住友カード,親,,,,,
11/3,010,,801,"¥1,595",パリーグTV,娯楽/娯楽,支出,ソニー銀行,,,,,,
11/4,051,,599,"¥7,000",自転車修理,交通費/その他,支出,d払い,親,,,,,
11/6,031,,501,"¥3,000",PASMOチャージ,交通費/電車バス,支出,三井住友カード,親,,,,,
11/6,011,,704,"¥3,828",Adobe,学業教養/ソフトウェア,支出,ソニー銀行,親,,,,,
11/7,033,,401,"¥2,419",UPWORK,仕事/Nectere,支出,三井住友カード,Nectere,,,,,
11/8,031,,205,¥681,食材＠ドンク,食費/家族,支出,三井住友カード,親,,,,,
11/9,030,,801,"¥2,000",ルートヒストリー,娯楽/娯楽,支出,三井住友カード,,,,,,
11/10,031,,205,"¥3,430",丸亀製麺,食費/家族,支出,三井住友カード,親,,,,,
11/10,001,,205,"¥2,239",食材@オオゼキ,食費/家族,支出,現金,親,,,,,
11/10,001,,802,"¥10,000",フルートお月謝,学業教養/音楽,支出,現金,親,,,,,
11/10,001,,802,"¥5,500",楽器修理,学業教養/音楽,支出,現金,親,,,,,
11/10,210,0,,"¥9,000",引き出し,,振替,ソニー銀行,,現金,,,,
11/10,210,0,,"¥10,000",引き出し,,振替,ソニー銀行,,現金,,,,
11/11,031,,501,"¥3,000",PASMOチャージ,交通費/電車バス,支出,三井住友カード,親,,,,,
11/12,030,,202,¥980,ご飯＠大森,食費/外食,支出,三井住友カード,,,,,,
11/12,031,,205,¥804,パン＠spa,食費/家族,支出,三井住友カード,親,,,,,
11/12,030,,202,"¥1,300",ラーメン@せい屋,食費/外食,支出,三井住友カード,,,,,,
11/12,031,,802,"¥1,540",キーオイル,学業教養/音楽,支出,三井住友カード,親,,,,,
11/13,060,,204,"¥1,347",執行部会食,食費/飲み会,支出,paypay,,,,,,
11/13,210,0,,"¥3,000",引き出し,,振替,ソニー銀行,,現金,,,,
11/14,031,,501,"¥3,000",PASMOチャージ,交通費/電車バス,支出,三井住友カード,親,,,,,
11/14,160,,103,¥560,坂下つるちゃん,収入/立替金回収,収入,paypay,,,,,,
11/14,160,,103,¥560,かとしゅん鶴ちゃん,収入/立替金回収,収入,paypay,,,,,,
11/15,030,,704,¥500,NEWS PICKS,学業教養/ソフトウェア,支出,三井住友カード,,,,,,
11/15,060,,801,¥330,漫画,娯楽/娯楽,支出,paypay,,,,,,
11/17,001,,504,"¥1,620",駐車場,交通費/車,支出,現金,親,,,,,
11/18,300,,,"¥3,270",,,残高確認,現金,,,,,,
11/18,310,,,¥905,,,残高確認,ソニー銀行,,,,,,
11/18,330,,,"-¥95,939",,,残高確認,三井住友カード,,,,,,
11/18,360,,,"¥2,985",,,残高確認,paypay,,,,,,
11/19,110,,103,"¥95,160",家族立替金,収入/立替金回収,収入,ソニー銀行,,,,,,
11/19,110,,102,"¥45,000",11月分お小遣い,収入/お小遣い,収入,ソニー銀行,,,,,,
11/19,110,,199,"¥100,000",恩赦,収入/その他,収入,ソニー銀行,,,,,,
11/21,110,,199,¥48,デビット利用キャッシュバック,収入/その他,収入,ソニー銀行,,,,,,
11/21,060,,,¥500,謝罪,,支出,paypay,,,,,,
11/23,010,,801,"¥2,000",素数スピード@文化祭,娯楽/娯楽,支出,ソニー銀行,,,,,,
11/23,000,,801,¥550,牛串,娯楽/娯楽,支出,現金,,,,,,
11/23,000,,801,¥200,光るノンアルカクテル,娯楽/娯楽,支出,現金,,,,,,
11/23,011,,301,¥726,食材@スーパー,生活/日用品,支出,ソニー銀行,親,,,,,
11/24,210,0,,"¥9,000",ATM引き出し,,振替,ソニー銀行,,現金,,,,
11/24,010,,1001,¥110,ATM手数料,その他/手数料,支出,ソニー銀行,,,,,,
11/24,000,,801,"¥2,850",ねぎらい＋うちあげ,娯楽/娯楽,支出,現金,,,,,,
11/25,011,,,"¥1,738",Adobe,,支出,ソニー銀行,親,,,,,
11/25,030,,202,¥490,サンマルク,食費/外食,支出,三井住友カード,,,,,,
11/26,210,3,,"¥51,639",三井住友カード支払い,,振替,ソニー銀行,,三井住友カード,,,,
11/26,011,,799,"¥4,180",本,学業教養/その他,支出,ソニー銀行,親,,,,,
11/26,060,,,¥935,カラオケ,,支出,paypay,,,,,,
11/27,031,,501,"¥3,000",モバイルPASMOチャージ,交通費/電車バス,支出,三井住友カード,親,,,,,
11/27,030,,801,"¥23,321",NASPA,娯楽/娯楽,支出,三井住友カード,,,,,,
11/27,030,,801,¥900,ディズニー,娯楽/娯楽,支出,三井住友カード,,,,,,
11/27,030,,801,"¥2,300",ディズニー,娯楽/娯楽,支出,三井住友カード,,,,,,
11/27,030,,202,¥192,セブンイレブン,食費/外食,支出,三井住友カード,,,,,,
11/27,030,,202,¥345,パン,食費/外食,支出,三井住友カード,,,,,,
11/29,031,,202,¥550,学食,食費/外食,支出,三井住友カード,親,,,,,
11/30,051,,,"¥5,698",11月分通信費,,支出,d払い,親,,,,,
11/30,100,,199,"¥2,000",塾長と社長,収入/その他,収入,現金,,,,,,
11/30,000,,202,"¥1,200",ぽぽら,食費/外食,支出,現金,,,,,,
11/30,330,,,"-¥75,389",,,残高確認,三井住友カード,,,,,,
12/1,011,,704,"¥3,086",Claude AI,学業教養/ソフトウェア,支出,ソニー銀行,親,,,,,
12/1,350,,,"-¥100,102",,,残高確認,d払い,,,,,,
12/1,050,,899,"¥1,300",iCloud,娯楽/その他,支出,d払い,,,,,,
12/1,030,,202,¥670,松のや,食費/外食,支出,三井住友カード,,,,,,
12/1,031,,303,"¥10,480",髪,生活/美容,支出,三井住友カード,親,,,,,
12/1,030,,702,¥253,文房具,学業教養/文房具,支出,三井住友カード,,,,,,
12/2,010,,801,"¥1,595",パリーグTV,娯楽/娯楽,支出,ソニー銀行,,,,,,
12/2,110,,101,"¥14,289",アシェル,収入/アルバイト,収入,ソニー銀行,,,,,,
12/2,210,5,,"¥92,424",d払い支払い,,振替,ソニー銀行,,d払い,,,,
12/2,031,,202,¥594,学食,食費/外食,支出,三井住友カード,親,,,,,
12/3,310,,,"¥88,904",,,残高確認,ソニー銀行,,,,,,
12/3,300,,,"¥1,110",,,残高確認,現金,,,,,,
12/3,360,,,"¥1,550",,,残高確認,paypay,,,,,,
12/3,031,,202,¥517,学食,食費/外食,支出,三井住友カード,親,,,,,
12/4,110,,103,"¥52,342",学食マネーチャージ＋立替分,収入/立替金回収,収入,ソニー銀行,,,,,,
12/4,210,0,,"¥39,000",引き出し,,振替,ソニー銀行,,現金,,,,
12/4,010,,202,"¥30,000",学食マネーチャージ,食費/外食,支出,ソニー銀行,,,,,,
12/4,050,,202,¥170,おやつ＠コンビニ,食費/外食,支出,d払い,,,,,,
12/4,031,,501,"¥3,000",PASMOチャージ,交通費/電車バス,支出,三井住友カード,親,,,,,
12/5,050,,202,¥350,朝カフェ,食費/外食,支出,d払い,,,,,,
12/5,030,,202,¥597,おやつ＠コンビニ,食費/外食,支出,三井住友カード,,,,,,
12/6,010,,704,"¥3,828",Adobe,学業教養/ソフトウェア,支出,ソニー銀行,,,,,,
12/6,030,,899,¥300,LINEスタンプ,娯楽/その他,支出,三井住友カード,,,,,,
12/7,050,,801,"¥1,000",ピッコマ,娯楽/娯楽,支出,d払い,,,,,,
12/7,050,,202,¥149,おやつ＠コンビニ,食費/外食,支出,d払い,,,,,,
12/7,050,,202,¥171,おやつ＠コンビニ,食費/外食,支出,d払い,,,,,,
12/7,050,,202,¥566,おやつ＠コンビニ,食費/外食,支出,d払い,,,,,,
12/7,030,,202,"¥1,180",海老名SA,食費/外食,支出,三井住友カード,,,,,,
12/8,050,,202,¥428,おやつ＠コンビニ,食費/外食,支出,d払い,,,,,,
12/8,050,,399,¥430,Charge Spot,生活/その他,支出,d払い,,,,,,
12/8,050,,202,¥149,おやつ＠コンビニ,食費/外食,支出,d払い,,,,,,
12/11,210,5,,"¥7,898",d払い支払い,,振替,ソニー銀行,,d払い,,,,
12/11,050,,202,¥273,おやつ＠コンビニ,食費/外食,支出,d払い,,,,,,
12/11,031,,501,"¥3,000",PASMOチャージ,交通費/電車バス,支出,三井住友カード,親,,,,,
12/11,030,,899,¥300,LINEスタンプ,娯楽/その他,支出,三井住友カード,,,,,,
12/12,110,,101,"¥4,072",戸山高校チューター,収入/アルバイト,収入,ソニー銀行,,,,,,
12/12,050,,202,¥350,談合坂SA,食費/外食,支出,d払い,,,,,,
12/12,030,,899,"¥2,161",信玄餅,娯楽/その他,支出,三井住友カード,,,,,,
12/12,001,,504,"¥2,000",ガソリン,交通費/車,支出,現金,親,,,,,
12/12,000,,202,"¥2,400",しゃぶ葉,食費/外食,支出,現金,,,,,,
12/13,050,,202,¥327,おやつ＠コンビニ,食費/外食,支出,d払い,,,,,,
12/13,030,,399,¥220,土とかご,生活/その他,支出,三井住友カード,,,,,,
12/14,050,,202,¥639,昼ごはん@コンビニ,食費/外食,支出,d払い,,,,,,
12/14,030,,899,¥500,LINEスタンプ,娯楽/その他,支出,三井住友カード,,,,,,
12/15,011,,501,"¥3,000",PASMOチャージ,交通費/電車バス,支出,ソニー銀行,親,,,,,
12/15,050,,202,"¥1,038",昼ごはん＠コンビニ,食費/外食,支出,d払い,,,,,,
12/15,050,,202,¥425,おやつ＠コンビニ,食費/外食,支出,d払い,,,,,,
12/15,030,,704,¥500,Newspicks,学業教養/ソフトウェア,支出,三井住友カード,,,,,,
12/16,011,,304,"¥15,029",犬用品,生活/犬,支出,ソニー銀行,親,,,,,
12/16,050,,202,¥473,おやつ＠コンビニ,食費/外食,支出,d払い,,,,,,
12/16,050,,202,¥650,せいや,食費/外食,支出,d払い,,,,,,
12/16,060,,899,¥705,ねぎらい,娯楽/その他,支出,paypay,,,,,,
12/17,110,,103,"¥267,900",学費,収入/立替金回収,収入,ソニー銀行,,,,,,
12/18,050,,202,¥230,おやつ＠コンビニ,食費/外食,支出,d払い,,,,,,
12/19,050,,202,¥500,朝カフェ,食費/外食,支出,d払い,,,,,,
12/19,050,,202,¥280,おやつ＠コンビニ,食費/外食,支出,d払い,,,,,,
12/23,011,,205,¥838,食材@OX,食費/家族,支出,ソニー銀行,親,,,,,
12/24,110,,199,¥51,デビット利用キャッシュバック,収入/その他,収入,ソニー銀行,,,,,,
12/24,011,,501,"¥3,000",PASMOチャージ,交通費/電車バス,支出,ソニー銀行,親,,,,,
12/25,010,,704,"¥1,738",Adobe,学業教養/ソフトウェア,支出,ソニー銀行,,,,,,
12/26,210,3,,"¥75,398",三井住友カード支払い,,振替,ソニー銀行,,三井住友カード,,,,
12/27,110,,102,"¥45,000",12月分お小遣い,収入/お小遣い,収入,ソニー銀行,,,,,,
12/27,011,,705,"¥267,900",東大学費,学業教養/学費,支出,ソニー銀行,親,,,,,
12/27,011,,501,"¥3,000",PASMOチャージ,交通費/電車バス,支出,ソニー銀行,親,,,,,
12/27,050,,202,¥304,おやつ＠コンビニ,食費/外食,支出,d払い,,,,,,
12/28,011,,304,"¥4,194",犬おやつ,生活/犬,支出,ソニー銀行,親,,,,,
12/28,011,,304,"¥2,205",犬のトイレの囲い,生活/犬,支出,ソニー銀行,親,,,,,
12/28,001,,205,"¥11,529",オオゼキ,食費/家族,支出,現金,親,,,,,
12/28,001,,304,"¥8,338",犬トイレ,生活/犬,支出,現金,親,,,,,
12/29,030,,202,"¥1,300",やよい軒,食費/外食,支出,三井住友カード,,,,,,
12/30,050,,601,"¥5,778",12月分通信費,生活費/通信,支出,d払い,,,,,,
12/30,050,,202,¥465,おやつ＠コンビニ,食費/外食,支出,d払い,,,,,,
12/30,150,,199,¥769,12月dポイント利用,収入/その他,収入,d払い,,,,,,
12/30,030,,801,"¥2,100",ゲーム,娯楽/娯楽,支出,三井住友カード,,,,,,
12/30,031,,205,"¥1,466",オオゼキ,食費/家族,支出,三井住友カード,親,,,,,
12/31,350,,,"-¥15,676",12月分,,残高確認,d払い,,,,,,
1/1,050,,801,¥980,Spotify Premium,娯楽/娯楽,支出,d払い,,,,,,
1/1,050,,899,"¥1,500",iCloud,娯楽/その他,支出,d払い,,,,,,
1/3,050,,202,¥303,おやつ＠コンビニ,食費/外食,支出,d払い,,,,,,
1/3,050,,202,¥170,おやつ＠コンビニ,食費/外食,支出,d払い,,,,,,
1/4,050,,202,¥388,おやつ＠コンビニ,食費/外食,支出,d払い,,,,,,
1/5,110,,101,"¥46,002",アシェル,収入/アルバイト,収入,ソニー銀行,,,,,,
1/5,000,,801,"¥1,000",城ヶ島駐車場＋α,娯楽/娯楽,支出,現金,,,,,,
1/5,100,,199,"¥7,000",お釣り,収入/その他,収入,現金,,,,,,
1/6,310,,,"¥47,243",,,残高確認,ソニー銀行,,,,,,
1/6,330,,,"-¥29,088",,,残高確認,三井住友カード,,,,,,
1/6,300,,,"¥15,000",,,残高確認,現金,,,,,,
1/6,360,,,¥845,,,残高確認,paypay,,,,,,
1/6,030,,202,¥88,おやつ＠購買,食費/外食,支出,三井住友カード,,,,,,
1/6,050,,202,¥321,ファミマ,食費/外食,支出,d払い,,,,,,
1/7,011,,501,"¥3,000",PASMOチャージ,交通費/電車バス,支出,ソニー銀行,親,,,,,
1/7,011,,704,"¥3,828",Adobe,学業教養/ソフトウェア,支出,ソニー銀行,親,,,,,
1/7,100,,102,"¥10,000",お年玉（大内さんと社長）,収入/お小遣い,収入,現金,,,,,,
1/7,100,,102,"¥10,000",お年玉（恒夫さんと由紀子さん）,収入/お小遣い,収入,現金,,,,,,
1/7,110,,103,"¥75,276",立替（12月分）,収入/立替金回収,収入,ソニー銀行,,,,,,
1/7,110,,103,"¥321,360",ケルン研修,収入/立替金回収,収入,ソニー銀行,,,,,,
1/7,010,,705,"¥321,360",ケルン研修,学業教養/学費,支出,ソニー銀行,,,,,,
1/7,050,,801,"¥1,000",ピッコマ,娯楽/娯楽,支出,d払い,,,,,,
1/7,050,,202,¥171,ファミマ,食費/外食,支出,d払い,,,,,,
1/7,050,,202,¥313,セブン,食費/外食,支出,d払い,,,,,,
1/8,050,,399,¥430,Charge Spot,生活/その他,支出,d払い,,,,,,
1/8,000,,801,¥120,印刷,娯楽/娯楽,支出,現金,,,,,,
1/8,000,,801,¥20,印刷,娯楽/娯楽,支出,現金,,,,,,
1/8,000,,202,¥120,水,食費/外食,支出,現金,,,,,,
1/9,011,,704,"¥3,228",CLAUDE AI,学業教養/ソフトウェア,支出,ソニー銀行,親,,,,,
1/9,031,,205,¥592,食材@オオゼキ,食費/家族,支出,三井住友カード,親,,,,,
1/9,031,,303,"¥4,250",髪,生活/美容,支出,三井住友カード,親,,,,,
1/9,030,,202,¥419,ドンク,食費/外食,支出,三井住友カード,,,,,,
1/9,050,,202,¥327,セブン,食費/外食,支出,d払い,,,,,,
1/9,050,,202,¥540,ドトール,食費/外食,支出,d払い,,,,,,
1/9,050,,202,¥289,セブン,食費/外食,支出,d払い,,,,,,
1/10,050,,399,¥550,耳かき,生活/その他,支出,d払い,,,,,,
1/11,031,,205,"¥5,130",食材＠OX,食費/家族,支出,三井住友カード,親,,,,,
1/11,060,,,¥220,ビアードパパ,,支出,paypay,,,,,,
1/12,000,,801,¥130,印刷,娯楽/娯楽,支出,現金,,,,,,
1/13,210,5,,"¥15,676",d払い振替,,振替,ソニー銀行,,d払い,,,,
1/13,011,,501,"¥3,000",PASMOチャージ,交通費/電車バス,支出,ソニー銀行,親,,,,,
1/13,030,,801,"¥4,910",ハイエース練習会 温泉,娯楽/娯楽,支出,三井住友カード,,,,,,
1/13,050,,202,¥314,セブン,食費/外食,支出,d払い,,,,,,
1/13,060,,801,"¥2,398",ハイエース練習会,娯楽/娯楽,支出,paypay,,,,,,
1/13,160,,103,"¥6,917",ハイエース練習会,収入/立替金回収,収入,paypay,,,,,,
1/13,060,,202,"¥1,930",dp9アフター,食費/外食,支出,paypay,,,,,,
1/14,050,,202,¥600,サンマルク,食費/外食,支出,d払い,,,,,,
1/15,000,,202,¥120,水,食費/外食,支出,現金,,,,,,
1/15,000,,202,¥150,水,食費/外食,支出,現金,,,,,,
1/16,050,,202,"¥1,080",ポポラマーマ,食費/外食,支出,d払い,,,,,,
1/16,001,,501,"¥5,000",PASMOチャージ,,支出,現金,親,,,,,
1/18,050,,399,¥330,Charge  Spot,生活/その他,支出,d払い,,,,,,
1/19,032,,801,"¥3,223",03の先輩へのプレゼント,娯楽/娯楽,支出,三井住友カード,友人,,,,,
1/20,031,,706,"¥4,004",関数電卓,学業教養/書籍,支出,三井住友カード,親,,,,,
1/20,050,,202,¥327,セブン,食費/外食,支出,d払い,,,,,,
1/20,050,,202,¥590,丸亀,食費/外食,支出,d払い,,,,,,
1/20,051,,701,"¥1,628",本,学業教養/教科書,支出,d払い,親,,,,,
1/20,060,,801,"¥1,320",漫画,娯楽/娯楽,支出,paypay,,,,,,
1/21,110,,199,¥815,デビット利用キャッシュバック,収入/その他,収入,ソニー銀行,,,,,,
1/21,050,,202,"¥1,265",かつや,食費/外食,支出,d払い,,,,,,
1/22,011,,501,"¥3,000",PASMOチャージ,交通費/電車バス,支出,ソニー銀行,親,,,,,
1/22,210,0,,"¥9,000",引き出し,,振替,ソニー銀行,,現金,,,,
1/22,011,,205,¥956,サミット,食費/家族,支出,ソニー銀行,親,,,,,
1/22,050,,801,¥980,Spotifty Premium,娯楽/娯楽,支出,d払い,,,,,,
1/22,000,,202,"¥1,900",ラーメン,食費/外食,支出,現金,,,,,,
1/23,010,,704,"¥3,509",CHATGPT,学業教養/ソフトウェア,支出,ソニー銀行,,,,,,
1/23,030,,202,¥930,ポポラマーマ,食費/外食,支出,三井住友カード,,,,,,
1/23,050,,202,¥150,ファミマ,食費/外食,支出,d払い,,,,,,
1/23,050,,202,¥500,ドトール,食費/外食,支出,d払い,,,,,,
1/24,000,,801,¥50,納会練習,娯楽/娯楽,支出,現金,,,,,,
1/24,100,,103,"¥1,500",03へのプレゼント,収入/立替金回収,収入,現金,,,,,,
1/25,011,,704,"¥1,738",Adobe,学業教養/ソフトウェア,支出,ソニー銀行,親,,,,,
1/25,031,,205,"¥2,249",食材＠オオゼキ,食費/家族,支出,三井住友カード,親,,,,,
1/25,001,,205,"¥2,420",肉まん,食費/家族,支出,現金,親,,,,,
1/26,011,,501,"¥3,000",PASMOチャージ,交通費/電車バス,支出,ソニー銀行,親,,,,,
1/26,031,,205,"¥3,435",食材＠OX,食費/家族,支出,三井住友カード,親,,,,,
1/26,060,,801,"¥1,461",03へのプレゼント,娯楽/娯楽,支出,paypay,,,,,,
1/26,160,,103,¥600,03へのプレゼント,収入/立替金回収,収入,paypay,,,,,,
1/27,210,3,,"¥29,088",三井住友カード,,振替,ソニー銀行,,三井住友カード,,,,
1/27,010,,803,"¥16,352",部費,娯楽/団体費,支出,ソニー銀行,,,,,,
1/27,030,,801,¥300,LINEスタンプ,娯楽/娯楽,支出,三井住友カード,,,,,,
1/27,030,,801,"¥2,000",藝大フルート科コンサート,娯楽/娯楽,支出,三井住友カード,,,,,,
1/27,050,,202,¥138,ファミマ,食費/外食,支出,d払い,,,,,,
1/27,050,,202,¥224,セブン,食費/外食,支出,d払い,,,,,,
1/28,030,,202,¥321,おやつ＠ファミマ,食費/外食,支出,三井住友カード,,,,,,
1/30,030,,202,¥500,サンマルク,食費/外食,支出,三井住友カード,,,,,,
1/30,030,,202,¥378,おやつ＠生協,食費/外食,支出,三井住友カード,,,,,,
1/30,050,,601,"¥5,668",1月分通信費,生活費/通信,支出,d払い,,,,,,
1/30,150,,199,"¥5,983",1月分dポイント利用,収入/その他,収入,d払い,,,,,,
1/30,050,,899,"¥1,500",iCloud,娯楽/その他,支出,d払い,,,,,,
1/31,011,,704,"¥3,171",CLAUDE  AI,学業教養/ソフトウェア,支出,ソニー銀行,親,,,,,
1/31,011,,501,"¥3,000",PASMOチャージ,交通費/電車バス,支出,ソニー銀行,親,,,,,
1/31,350,,,"-¥15,523",,,残高確認,d払い,,,,,,
2/1,210,0,,"¥10,000",引き出し,,振替,ソニー銀行,,現金,,,,
2/1,110,,101,"¥92,573",アシェル,収入/アルバイト,収入,ソニー銀行,,,,,,
2/1,001,,799,"¥10,000",フルートお月謝,学業教養/その他,支出,現金,親,,,,,
2/3,050,,202,¥321,ファミマ,食費/外食,支出,d払い,,,,,,
2/4,010,,801,"¥48,906",スキーウエア,娯楽/娯楽,支出,ソニー銀行,,,,,,
2/4,030,,801,"¥3,200",貸切風呂,娯楽/娯楽,支出,三井住友カード,,,,,,
2/4,050,,202,¥183,セブン,食費/外食,支出,d払い,,,,,,
2/4,050,,202,¥862,セブン,食費/外食,支出,d払い,,,,,,
2/5,110,,199,"¥226,054",東大奨学金,収入/その他,収入,ソニー銀行,,,,,,
2/5,110,,101,"¥122,980",designing plus nine サイエンスパーク,収入/アルバイト,収入,ソニー銀行,,,,,,
2/5,011,,501,"¥3,000",モバイルPASMO,交通費/電車バス,支出,ソニー銀行,親,,,,,
2/5,030,,202,¥748,吉野家,食費/外食,支出,三井住友カード,,,,,,
2/5,030,,202,¥350,うどーなつ,食費/外食,支出,三井住友カード,,,,,,
2/5,051,,701,"¥1,760",本,学業教養/教科書,支出,d払い,親,,,,,
2/6,210,0,,"¥16,000",引き出し,,振替,ソニー銀行,,現金,,,,
2/6,031,,701,"¥9,900",本,学業教養/教科書,支出,三井住友カード,親,,,,,
2/6,031,,701,"¥5,720",本,学業教養/教科書,支出,三井住友カード,親,,,,,
2/6,030,,202,"¥6,336",寿司,食費/外食,支出,三井住友カード,,,,,,
2/7,011,,704,"¥3,828",ADOBE,学業教養/ソフトウェア,支出,ソニー銀行,親,,,,,
2/7,030,,202,¥510,スタバ,食費/外食,支出,三井住友カード,,,,,,
2/7,030,,202,¥410,おやつ＠セブン,食費/外食,支出,三井住友カード,,,,,,
2/8,030,,504,"¥1,600",駐車場,交通費/車,支出,三井住友カード,,,,,,
2/8,050,,202,¥160,ローソン,食費/外食,支出,d払い,,,,,,
2/8,050,,202,¥179,ファミマ,食費/外食,支出,d払い,,,,,,
2/8,000,,801,"¥1,750",写真講習会,娯楽/娯楽,支出,現金,,,,,,
2/9,210,5,,"¥15,523",d払い支払い,,振替,ソニー銀行,,d払い,,,,
2/9,011,,501,"¥3,000",PASMOチャージ,交通費/電車バス,支出,ソニー銀行,親,,,,,
2/9,030,,202,"¥1,254",ビッグボーイ,食費/外食,支出,三井住友カード,,,,,,
2/9,050,,202,¥284,セブン,食費/外食,支出,d払い,,,,,,
2/9,050,,202,¥900,ラーメン,食費/外食,支出,d払い,,,,,,
2/10,030,,202,¥300,おやつ＠セブン,食費/外食,支出,三井住友カード,,,,,,
2/11,000,,801,¥180,印刷,娯楽/娯楽,支出,現金,,,,,,
2/12,050,,202,¥308,セブン,食費/外食,支出,d払い,,,,,,
2/12,001,,504,"¥4,200",ガソリン,交通費/車,支出,現金,親,,,,,
2/12,001,,504,"¥1,000",ガソリン,交通費/車,支出,現金,親,,,,,
2/12,000,,202,"¥1,230",海ほたる,食費/外食,支出,現金,,,,,,
2/13,310,,,"¥363,138",,,残高確認,ソニー銀行,,,,,,
2/13,330,,,"-¥63,057",,,残高確認,三井住友カード,,,,,,
2/13,360,,,"¥1,033",,,残高確認,paypay,,,,,,
2/13,300,,,"¥25,078",,,残高確認,現金,,,,,,
2/14,110,,101,"¥1,333",丸亀製麺1月分,収入/アルバイト,収入,ソニー銀行,,,,,,
2/14,030,,401,"¥3,960",実印,仕事/Nectere,支出,三井住友カード,,,,,,
2/14,030,,1099,¥286,???,その他/その他,支出,三井住友カード,,,,,,
2/14,030,,202,"¥4,745",ことりとご飯,食費/外食,支出,三井住友カード,,,,,,
2/14,030,,801,"¥3,200",カラオケ,娯楽/娯楽,支出,三井住友カード,,,,,,
2/14,030,,801,¥110,ダイソー,娯楽/娯楽,支出,三井住友カード,,,,,,
2/14,050,,202,¥540,映画館,食費/外食,支出,d払い,,,,,,
2/15,011,,501,"¥3,000",PASMOチャージ,交通費/電車バス,支出,ソニー銀行,親,,,,,
2/15,110,,103,"¥99,037",立替（1/1〜2/12月分）,収入/立替金回収,収入,ソニー銀行,,,,,,
2/15,110,,102,"¥45,000",,収入/お小遣い,収入,ソニー銀行,,,,,,
2/16,030,,202,¥117,水＠マイバス,食費/外食,支出,三井住友カード,,,,,,
2/17,110,,199,¥63,決済お利息,収入/その他,収入,ソニー銀行,,,,,,
2/17,030,,202,"¥2,890",スキーご飯,食費/外食,支出,三井住友カード,,,,,,
2/17,030,,202,"¥1,000",スキーおにぎり,食費/外食,支出,三井住友カード,,,,,,
2/17,050,,202,¥430,New Days,食費/外食,支出,d払い,,,,,,
2/18,010,,801,"¥32,460",NASPA,娯楽/娯楽,支出,ソニー銀行,,,,,,
2/18,030,,801,"¥3,784",スキーお土産,娯楽/娯楽,支出,三井住友カード,,,,,,
2/18,030,,202,"¥4,000",スキー蕎麦,食費/外食,支出,三井住友カード,,,,,,
2/20,110,,199,¥143,デビット利用キャッシュバック,収入/その他,収入,ソニー銀行,,,,,,
2/21,011,,501,"¥3,000",PASMOチャージ,交通費/電車バス,支出,ソニー銀行,親,,,,,
2/21,031,,701,"¥5,156",本,学業教養/教科書,支出,三井住友カード,親,,,,,
2/21,050,,202,¥430,松屋,食費/外食,支出,d払い,,,,,,
2/22,030,,801,"¥1,595",パリーグTV,娯楽/娯楽,支出,三井住友カード,,,,,,
2/22,050,,202,"¥1,279",セブン,食費/外食,支出,d払い,,,,,,
2/22,050,,202,¥329,セブン,食費/外食,支出,d払い,,,,,,
2/23,010,,704,"¥3,376",CHAT GPT,学業教養/ソフトウェア,支出,ソニー銀行,,,,,,
2/23,030,,202,¥150,自販機,食費/外食,支出,三井住友カード,,,,,,
2/23,050,,202,¥179,セブン,食費/外食,支出,d払い,,,,,,
2/25,030,,801,"¥1,510",イオンシネマ,娯楽/娯楽,支出,三井住友カード,,,,,,
2/25,050,,202,¥313,セブン,食費/外食,支出,d払い,,,,,,
2/26,010,,704,"¥1,738",Adobe,学業教養/ソフトウェア,支出,ソニー銀行,,,,,,
2/26,210,3,,"¥32,729",三井住友カード,,振替,ソニー銀行,,三井住友カード,,,,
2/27,010,,599,¥275,LUUP,交通費/その他,支出,ソニー銀行,,,,,,
2/27,010,,801,"¥1,390",AMAZON,娯楽/娯楽,支出,ソニー銀行,,,,,,
2/27,050,,202,¥646,ファミマ,食費/外食,支出,d払い,,,,,,
2/27,050,,202,¥171,ファミマ,食費/外食,支出,d払い,,,,,,
2/28,011,,302,"¥23,660",服（GAP）,生活/衣料品,支出,ソニー銀行,親,,,,,
2/28,031,,303,"¥3,950",髪,生活/美容,支出,三井住友カード,親,,,,,
2/28,031,,502,"¥1,300",スカイライナー,交通費/特急,支出,三井住友カード,親,,,,,
2/28,030,,1002,"¥1,300",スカイライナー鎌田,その他/立替,支出,三井住友カード,,,,,,
2/28,030,,202,¥150,自販機,食費/外食,支出,三井住友カード,,,,,,
2/28,051,,601,"¥5,866",2月分通信費,生活費/通信,支出,d払い,親,,,,,
2/28,150,,199,"¥5,718",2月分dポイント利用,収入/その他,収入,d払い,,,,,,
3/1,011,,704,"¥3,057",CLAUDE AI,学業教養/ソフトウェア,支出,ソニー銀行,親,,,,,
3/1,010,,804,"¥22,580",45thへのプレゼント,娯楽/交際,支出,ソニー銀行,,,,,,
3/1,011,,799,"¥19,780",海外旅行保険,学業教養/その他,支出,ソニー銀行,親,,,,,
3/1,011,,901,"¥10,665",コンタクトレンズ,生活/医療,支出,ソニー銀行,親,,,,,
3/1,011,,205,"¥3,058",ODAKYU OX,食費/家族,支出,ソニー銀行,親,,,,,
3/1,110,,101,"¥45,449",アシェル2月分,収入/アルバイト,収入,ソニー銀行,,,,,,
3/1,010,,202,"¥17,336",陳家私菜 dp9,食費/外食,支出,ソニー銀行,,,,,,
3/3,110,,199,"¥11,290",45thへのプレゼントの返金,収入/その他,収入,ソニー銀行,,,,,,
3/3,030,,801,"¥1,595",パリーグTV,娯楽/娯楽,支出,三井住友カード,,,,,,
3/3,050,,801,¥980,Spotify,娯楽/娯楽,支出,d払い,,,,,,
3/4,010,,301,"¥6,450",旅行準備（LOFT）,生活/日用品,支出,ソニー銀行,,,,,,
3/4,010,,204,"¥1,370",丸亀製麺,食費/飲み会,支出,ソニー銀行,,,,,,
3/4,011,,302,"¥13,200",靴,生活/衣料品,支出,ソニー銀行,親,,,,,
3/4,030,,301,"¥7,700",旅行準備（無印）,生活/日用品,支出,三井住友カード,,,,,,
3/4,030,,205,"¥1,034",Odakyu OX,食費/家族,支出,三井住友カード,,,,,,
3/4,030,,501,"¥3,000",モバイルPASMO,交通費/電車バス,支出,三井住友カード,,,,,,
3/4,030,,401,¥400,実印登録,仕事/Nectere,支出,三井住友カード,,,,,,
3/4,030,,301,¥770,旅行準備（ダイソー）,生活/日用品,支出,三井住友カード,,,,,,
3/4,050,,202,¥382,セブン,食費/外食,支出,d払い,,,,,,
3/4,050,,301,¥524,ミネドラッグ,生活/日用品,支出,d払い,,,,,,
3/5,011,,501,"¥3,000",モバイルPASMO,交通費/電車バス,支出,ソニー銀行,親,,,,,
3/6,011,,501,"¥3,000",モバイルPASMO,交通費/電車バス,支出,ソニー銀行,親,,,,,
3/6,010,,704,"¥3,828",Adobe,学業教養/ソフトウェア,支出,ソニー銀行,,,,,,
3/6,030,,202,"¥4,160",伊香保うどん,食費/外食,支出,三井住友カード,,,,,,
3/6,030,,1099,"¥2,200",Paypal?,その他/その他,支出,三井住友カード,,,,,,
3/6,030,,801,¥410,伊香保土産,娯楽/娯楽,支出,三井住友カード,,,,,,
3/6,050,,301,¥990,酔い止め,生活/日用品,支出,d払い,,,,,,
3/6,050,,202,¥230,紅茶,食費/外食,支出,d払い,,,,,,
3/7,030,,804,¥704,ブラス45thお土産,娯楽/交際,支出,三井住友カード,,,,,,
3/7,030,,804,¥20,ブラス45thお土産,娯楽/交際,支出,三井住友カード,,,,,,
3/7,030,,202,¥170,コンビニ,食費/外食,支出,三井住友カード,,,,,,
3/7,030,,804,¥330,プレゼントの袋,娯楽/交際,支出,三井住友カード,,,,,,
3/7,030,,804,"¥1,404",ブラス45thお土産,娯楽/交際,支出,三井住友カード,,,,,,
3/7,030,,804,¥788,ブラス45thお土産,娯楽/交際,支出,三井住友カード,,,,,,
3/7,030,,202,"¥2,130",サイゼ,食費/外食,支出,三井住友カード,,,,,,
3/8,011,,501,"¥3,000",モバイルPASMO,交通費/電車バス,支出,ソニー銀行,親,,,,,
3/8,030,,501,"¥9,659",Deutschland Ticket,交通費/電車バス,支出,三井住友カード,,,,,,
3/8,030,,202,¥200,歌舞伎揚＠空港,食費/外食,支出,三井住友カード,,,,,,
3/8,030,,202,¥160,水＠空港,食費/外食,支出,三井住友カード,,,,,,
3/8,030,,202,¥880,蕎麦＠空港,食費/外食,支出,三井住友カード,,,,,,
3/8,050,,202,¥474,朝ごはん@ファミマ,食費/外食,支出,d払い,,,,,,
3/9,010,,201,"¥1,767",REWE,食費/自炊,支出,ソニー銀行,,,,,,
3/9,010,,801,¥654,Dom,娯楽/娯楽,支出,ソニー銀行,,,,,,
3/9,010,,202,"¥1,274",Döner,食費/外食,支出,ソニー銀行,,,,,,
3/9,030,,202,¥431,飲み物,食費/外食,支出,三井住友カード,,,,,,
3/9,030,,202,"¥1,565",ケバブ,食費/外食,支出,三井住友カード,,,,,,
3/9,030,,202,"¥1,037",クリスピーSUSHI,食費/外食,支出,三井住友カード,,,,,,
3/9,030,,202,¥631,マクドナルド,食費/外食,支出,三井住友カード,,,,,,
3/9,030,,801,"¥2,165",チョコレート博物館,娯楽/娯楽,支出,三井住友カード,,,,,,
3/10,210,5,,"¥15,777",d払い支払い,,振替,ソニー銀行,,d払い,,,,
3/10,030,,301,"¥1,247",Eco Express,生活/日用品,支出,三井住友カード,,,,,,
3/10,030,,202,¥224,Mensa,食費/外食,支出,三井住友カード,,,,,,
3/10,030,,202,¥782,Mensa,食費/外食,支出,三井住友カード,,,,,,
3/10,030,,202,¥199,Mensa,食費/外食,支出,三井住友カード,,,,,,
3/10,030,,201,"¥1,142",REWE,食費/自炊,支出,三井住友カード,,,,,,
3/11,030,,202,¥591,Mensa,食費/外食,支出,三井住友カード,,,,,,
3/11,030,,202,¥199,Mensa,食費/外食,支出,三井住友カード,,,,,,
3/11,030,,201,"¥1,140",Lidl,食費/自炊,支出,三井住友カード,,,,,,
3/12,030,,204,"¥3,333",Brauerei,食費/飲み会,支出,三井住友カード,,,,,,
3/12,030,,202,¥502,Mensa,食費/外食,支出,三井住友カード,,,,,,
3/12,030,,202,¥301,Mensa,食費/外食,支出,三井住友カード,,,,,,
3/13,030,,202,"¥1,327",Bäckerei,食費/外食,支出,三井住友カード,,,,,,
3/13,030,,202,¥904,Mensa,食費/外食,支出,三井住友カード,,,,,,
3/13,030,,202,¥201,Mensa,食費/外食,支出,三井住友カード,,,,,,
3/13,030,,801,"¥1,176",Beethovenhaus,娯楽/娯楽,支出,三井住友カード,,,,,,
3/13,030,,801,"¥10,880",Beethovenhaus,娯楽/娯楽,支出,三井住友カード,,,,,,
3/13,030,,201,¥225,Lidl,食費/自炊,支出,三井住友カード,,,,,,
3/14,110,,101,"¥30,599",丸亀製麺2月分,収入/アルバイト,収入,ソニー銀行,,,,,,
3/14,030,,202,¥745,Mensa,食費/外食,支出,三井住友カード,,,,,,
3/14,030,,202,¥201,Mensa,食費/外食,支出,三井住友カード,,,,,,
3/15,010,,204,"¥3,452",Brauerei,食費/飲み会,支出,ソニー銀行,,,,,,
3/15,010,,801,"¥32,763",Bochum vs Frankfurt,娯楽/娯楽,支出,ソニー銀行,,,,,,
3/15,030,,202,¥370,自販機,食費/外食,支出,三井住友カード,,,,,,
3/15,030,,301,"¥1,177",Eco Express,生活/日用品,支出,三井住友カード,,,,,,
3/15,030,,804,"¥5,673",Aachen お土産,娯楽/交際,支出,三井住友カード,,,,,,
3/15,030,,202,¥73,Lidl,食費/外食,支出,三井住友カード,,,,,,
3/15,030,,804,"¥4,068",Aachen お土産,娯楽/交際,支出,三井住友カード,,,,,,
3/15,030,,202,¥973,Bäckerei,食費/外食,支出,三井住友カード,,,,,,
3/15,030,,801,¥672,Aachen Dom 宝物庫,娯楽/娯楽,支出,三井住友カード,,,,,,
3/16,030,,801,"¥5,110",VONOIVA RUHRSTADION,娯楽/娯楽,支出,三井住友カード,,,,,,
3/17,010,,502,"¥14,078",ICE,交通費/特急,支出,ソニー銀行,,,,,,
3/17,030,,799,"¥20,927",Thalia,学業教養/その他,支出,三井住友カード,,,,,,
3/17,030,,201,¥158,Lidl,食費/自炊,支出,三井住友カード,,,,,,
3/17,030,,201,¥422,REWE,食費/自炊,支出,三井住友カード,,,,,,
3/17,030,,202,¥546,Mensa,食費/外食,支出,三井住友カード,,,,,,
3/17,030,,202,¥201,Mensa,食費/外食,支出,三井住友カード,,,,,,
3/17,030,,801,"¥17,912",Beethovenhaus,娯楽/娯楽,支出,三井住友カード,,,,,,
3/18,030,,202,"¥8,512",サムギョプサル,食費/外食,支出,三井住友カード,,,,,,
3/18,030,,202,¥548,Mensa,食費/外食,支出,三井住友カード,,,,,,
3/18,030,,202,¥202,Mensa,食費/外食,支出,三井住友カード,,,,,,
3/18,030,,301,¥594,Eco Express,生活/日用品,支出,三井住友カード,,,,,,
3/18,030,,202,¥798,Mensa,食費/外食,支出,三井住友カード,,,,,,
3/18,030,,202,¥203,Mensa,食費/外食,支出,三井住友カード,,,,,,
3/19,030,,801,¥339,NS DOK,娯楽/娯楽,支出,三井住友カード,,,,,,
3/20,030,,202,¥710,Bäckerei,食費/外食,支出,三井住友カード,,,,,,
3/20,030,,202,¥797,Mensa,食費/外食,支出,三井住友カード,,,,,,
3/20,030,,201,¥437,Lidl,食費/自炊,支出,三井住友カード,,,,,,
3/21,110,,199,¥559,デビット利用キャッシュバック,収入/その他,収入,ソニー銀行,,,,,,
3/21,030,,801,"¥1,179",Red dot design museum,娯楽/娯楽,支出,三井住友カード,,,,,,
3/21,030,,201,"¥2,219",REWE,食費/自炊,支出,三井住友カード,,,,,,
3/21,030,,202,"¥1,153",Mensa,食費/外食,支出,三井住友カード,,,,,,
3/21,030,,202,"¥1,263",Döner,食費/外食,支出,三井住友カード,,,,,,
3/22,014,,1002,"¥16,721",ラクスル,その他/立替,支出,ソニー銀行,東大吹部,,,,,
3/22,010,,704,"¥3,351",CHAT GPT,学業教養/ソフトウェア,支出,ソニー銀行,,,,,,
3/22,030,,202,¥857,Bäckerei,食費/外食,支出,三井住友カード,,,,,,
3/22,030,,202,¥487,Bäckerei,食費/外食,支出,三井住友カード,,,,,,
3/22,030,,201,"¥1,748",REWE,食費/自炊,支出,三井住友カード,,,,,,
3/22,030,,801,"¥1,008",Rathaus,娯楽/娯楽,支出,三井住友カード,,,,,,
3/22,030,,201,¥848,REWE,食費/自炊,支出,三井住友カード,,,,,,
3/22,050,,801,¥980,ファミマ,娯楽/娯楽,支出,d払い,,,,,,
3/23,014,,1002,"¥15,539",ラクスル,その他/立替,支出,ソニー銀行,東大吹部,,,,,
3/23,030,,202,¥889,Nordsee,食費/外食,支出,三井住友カード,,,,,,
3/23,030,,202,¥319,Bäckerei,食費/外食,支出,三井住友カード,,,,,,
3/23,030,,202,"¥1,176",Bäckerei,食費/外食,支出,三井住友カード,,,,,,
3/24,030,,202,"¥1,259",REWE,食費/外食,支出,三井住友カード,,,,,,
3/24,030,,202,¥470,etwas,食費/外食,支出,三井住友カード,,,,,,
3/24,030,,202,"¥1,479",Mensa,食費/外食,支出,三井住友カード,,,,,,
3/24,030,,804,"¥8,317",Lindt,娯楽/交際,支出,三井住友カード,,,,,,
3/24,031,,502,"¥3,740",新幹線（東京→熱海）,交通費/特急,支出,三井住友カード,親,,,,,
3/25,030,,202,"¥1,500",おしゃれなカフェ,食費/外食,支出,三井住友カード,,,,,,
3/25,030,,202,¥976,etwas,食費/外食,支出,三井住友カード,,,,,,
3/25,030,,201,¥671,REWE,食費/自炊,支出,三井住友カード,,,,,,
3/26,011,,704,"¥1,738",Adobe,学業教養/ソフトウェア,支出,ソニー銀行,親,,,,,
3/26,011,,799,"¥18,130",大学生協,学業教養/その他,支出,ソニー銀行,親,,,,,
3/26,210,3,,"¥69,531",三井住友カード 2月分,,振替,ソニー銀行,,三井住友カード,,,,
3/26,011,,501,"¥3,000",モバイルPASMO,交通費/電車バス,支出,ソニー銀行,親,,,,,
3/26,011,,502,"¥1,120",NEX,交通費/特急,支出,ソニー銀行,親,,,,,
3/26,011,,704,"¥3,079",Claude AI,学業教養/ソフトウェア,支出,ソニー銀行,親,,,,,
3/26,030,,201,¥160,ビール,食費/自炊,支出,三井住友カード,,,,,,
3/27,030,,801,"¥1,740",お土産＠伊東,娯楽/娯楽,支出,三井住友カード,,,,,,
3/27,030,,202,¥105,グミ,食費/外食,支出,三井住友カード,,,,,,
3/27,030,,202,¥310,自販機*2,食費/外食,支出,三井住友カード,,,,,,
3/27,030,,202,¥168,ローソン,食費/外食,支出,三井住友カード,,,,,,
3/27,030,,202,"¥1,301",お土産＠伊東,食費/外食,支出,三井住友カード,,,,,,
3/27,050,,202,¥276,セブン,食費/外食,支出,d払い,,,,,,
3/27,060,,801,¥470,ハイエース練習会高速道路代,娯楽/娯楽,支出,paypay,,,,,,
3/27,160,,103,¥290,りおちゃんお土産,収入/立替金回収,収入,paypay,,,,,,
3/27,060,,202,"¥1,221",伊東昼食,食費/外食,支出,paypay,,,,,,
3/27,160,,103,¥150,水,収入/立替金回収,収入,paypay,,,,,,
3/27,100,,199,"¥10,000",ことりから借りた,収入/その他,収入,現金,,,,,,
3/29,030,,301,"¥1,078",喉の薬,生活/日用品,支出,三井住友カード,,,,,,
3/29,030,,202,"¥3,430",寿司,食費/外食,支出,三井住友カード,,,,,,
3/29,061,,205,"¥6,670",北京飯店,食費/家族,支出,paypay,親,,,,,
3/30,030,,202,¥863,セブンイレブン,食費/外食,支出,三井住友カード,,,,,,
3/31,051,,601,"¥19,248",3月分通信費,生活費/通信,支出,d払い,親,,,,,
3/31,150,,199,"¥2,876",3月分dポイント利用,収入/その他,収入,d払い,,,,,,
4/1,011,,501,"¥3,000",モバイルPASMO,交通費/電車バス,支出,ソニー銀行,親,,,,,
4/1,160,,103,"¥7,000",鎌田,収入/立替金回収,収入,paypay,,,,,,
4/1,060,,804,¥650,ケルン研修お土産,娯楽/交際,支出,paypay,,,,,,
4/2,330,,,"-¥181,213",,,残高確認,三井住友カード,,,,,,
4/2,310,,,"¥176,735",,,残高確認,ソニー銀行,,,,,,
4/2,350,,,"-¥24,428",,,残高確認,d払い,,,,,,
4/2,360,,,"¥6,613",,,残高確認,paypay,,,,,,
4/2,300,,,¥18,,,残高確認,現金,,,,,,
4/3,010,,704,"¥8,700",Adobe Stock 違約金,学業教養/ソフトウェア,支出,ソニー銀行,,,,,,
4/3,110,,103,"¥161,417",家族立替金,収入/立替金回収,収入,ソニー銀行,,,,,,
4/3,110,,102,"¥45,000",2月分お小遣い,収入/お小遣い,収入,ソニー銀行,,,,,,
4/3,110,,102,"¥45,000",3月分お小遣い,収入/お小遣い,収入,ソニー銀行,,,,,,
4/3,010,,1099,"¥81,417",借金返済（父）,その他/その他,支出,ソニー銀行,,,,,,
4/3,030,,801,"¥1,595",パリーグTV,娯楽/娯楽,支出,三井住友カード,,,,,,
4/3,030,,202,¥350,丸亀製麺,食費/外食,支出,三井住友カード,,,,,,
4/3,030,,202,"¥3,476",武蔵境,食費/外食,支出,三井住友カード,,,,,,
4/3,030,,202,¥341,セブン,食費/外食,支出,三井住友カード,,,,,,
4/3,030,,799,"¥368,800",Macbook Pro,学業教養/その他,支出,三井住友カード,,,,,,
4/4,050,,202,¥648,セブン,食費/外食,支出,d払い,,,,,,
4/4,030,,202,¥690,バーキン,食費/外食,支出,三井住友カード,,,,,,
4/4,030,,202,¥28,購買,食費/外食,支出,三井住友カード,,,,,,
4/4,030,,202,¥140,自販機,食費/外食,支出,三井住友カード,,,,,,
4/6,011,,501,"¥3,000",モバイルPASMO,交通費/電車バス,支出,ソニー銀行,親,,,,,
4/6,030,,202,¥300,丸亀,食費/外食,支出,三井住友カード,,,,,,
4/7,050,,202,¥140,セブン,食費/外食,支出,d払い,,,,,,
4/7,030,,202,¥580,丸亀,食費/外食,支出,三井住友カード,,,,,,
4/7,030,,202,¥590,丸亀,食費/外食,支出,三井住友カード,,,,,,
4/8,050,,301,"¥3,780",首こり治すやつ,生活/日用品,支出,d払い,,,,,,
4/8,031,,399,"¥5,723",土など,生活/その他,支出,三井住友カード,親,,,,,
4/8,030,,202,¥300,丸亀,食費/外食,支出,三井住友カード,,,,,,
4/9,030,,202,¥162,セブン,食費/外食,支出,三井住友カード,,,,,,
4/9,030,,202,¥300,丸亀,食費/外食,支出,三井住友カード,,,,,,
4/11,210,5,,"¥24,428",d払い支払い,,振替,ソニー銀行,,d払い,,,,
4/11,011,,501,"¥11,410",通学定期券,交通費/電車バス,支出,ソニー銀行,親,,,,,
4/11,050,,202,¥550,サンマルク,食費/外食,支出,d払い,,,,,,
4/12,010,,599,¥245,LUUP,交通費/その他,支出,ソニー銀行,,,,,,
4/13,011,,501,"¥3,000",モバイルPASMO,交通費/電車バス,支出,ソニー銀行,親,,,,,
4/13,030,,202,¥863,セブン,食費/外食,支出,三井住友カード,,,,,,
4/13,030,,202,¥510,丸亀,食費/外食,支出,三井住友カード,,,,,,
4/14,110,,103,"¥22,260",東京大学吹奏楽部 立替金回収,収入/立替金回収,収入,ソニー銀行,,,,,,
4/14,051,,701,"¥2,800",フランス語辞書,学業教養/教科書,支出,d払い,親,,,,,
4/14,030,,1002,¥874,高島屋？,その他/立替,支出,三井住友カード,,,,,,
4/14,030,,202,¥354,セブンイレブン,食費/外食,支出,三井住友カード,,,,,,
4/15,110,,101,"¥22,812",丸亀製麺,収入/アルバイト,収入,ソニー銀行,,,,,,
4/15,160,,103,"¥26,027",リリン,収入/立替金回収,収入,paypay,,,,,,
4/15,031,,701,"¥10,692",24Sセメスター 教科書,学業教養/教科書,支出,三井住友カード,親,,,,,
4/15,031,,701,¥887,実験用品,学業教養/教科書,支出,三井住友カード,親,,,,,
4/15,030,,801,"¥1,000",ピッコマ,娯楽/娯楽,支出,三井住友カード,,,,,,
4/15,030,,202,¥700,丸亀,食費/外食,支出,三井住友カード,,,,,,
4/15,031,,701,"¥7,043",教科書,学業教養/教科書,支出,三井住友カード,親,,,,,
4/16,011,,302,"¥4,389",ワイシャツ,生活/衣料品,支出,ソニー銀行,親,,,,,
4/16,051,,701,"¥2,600",新明解国語辞典,学業教養/教科書,支出,d払い,親,,,,,
4/16,031,,302,"¥9,795",靴,生活/衣料品,支出,三井住友カード,親,,,,,
4/16,030,,1002,"¥8,550",新歓演奏会の車,その他/立替,支出,三井住友カード,,,,,,
4/17,011,,501,"¥3,000",モバイルPASMO,交通費/電車バス,支出,ソニー銀行,親,,,,,
4/17,050,,202,¥520,松屋,食費/外食,支出,d払い,,,,,,
4/17,031,,702,"¥3,488",図形科学教材,学業教養/文房具,支出,三井住友カード,親,,,,,
4/18,210,0,,"¥9,000",,,振替,ソニー銀行,,現金,,,,
4/18,050,,202,¥500,ドトール,食費/外食,支出,d払い,,,,,,
4/20,011,,501,"¥3,000",モバイルPASMO,交通費/電車バス,支出,ソニー銀行,親,,,,,
4/20,110,,103,"¥7,337",ブラス旅行返金,収入/立替金回収,収入,ソニー銀行,,,,,,
4/20,030,,202,¥300,丸亀,食費/外食,支出,三井住友カード,,,,,,
4/21,050,,202,¥820,松屋,食費/外食,支出,d払い,,,,,,
4/22,110,,1099,¥779,デビット利用キャッシュバック,その他/その他,収入,ソニー銀行,,,,,,
4/22,110,,599,¥510,LUUP,交通費/その他,収入,ソニー銀行,,,,,,
4/22,160,,103,¥650,谷口,収入/立替金回収,収入,paypay,,,,,,
4/22,060,,399,¥330,ChargeSPOT,生活/その他,支出,paypay,,,,,,
4/22,030,,202,¥300,丸亀,食費/外食,支出,三井住友カード,,,,,,
4/23,011,,704,"¥3,172",CHATGPT,学業教養/ソフトウェア,支出,ソニー銀行,親,,,,,
4/23,011,,205,"¥1,925",オオゼキ,食費/家族,支出,ソニー銀行,親,,,,,
4/23,011,,205,¥389,ドンク,食費/家族,支出,ソニー銀行,親,,,,,
4/23,011,,205,¥224,Odakyu OX,食費/家族,支出,ソニー銀行,親,,,,,
4/23,060,,804,"¥1,300",パーリー誕プレ,娯楽/交際,支出,paypay,,,,,,
4/24,061,,704,"¥7,410",本,学業教養/ソフトウェア,支出,paypay,親,,,,,
4/24,060,,202,¥500,石焼き芋,食費/外食,支出,paypay,,,,,,
4/24,030,,202,¥234,セブン,食費/外食,支出,三井住友カード,,,,,,
4/25,011,,202,¥510,エクセルシオール,食費/外食,支出,ソニー銀行,親,,,,,
4/25,110,,199,"¥340,000",借金,収入/その他,収入,ソニー銀行,,,,,,
4/25,010,,804,"¥3,980",プレゼント,娯楽/交際,支出,ソニー銀行,,,,,,
4/25,010,,804,"¥3,300",プレゼント,娯楽/交際,支出,ソニー銀行,,,,,,
4/26,010,,704,"¥3,610",Adobe,学業教養/ソフトウェア,支出,ソニー銀行,,,,,,
4/26,011,,303,"¥10,190",髪の毛,生活/美容,支出,ソニー銀行,親,,,,,
4/26,210,0,,"¥10,000",,,振替,ソニー銀行,,現金,,,,
4/26,011,,802,"¥9,730",楽譜と本,学業教養/音楽,支出,ソニー銀行,親,,,,,
4/26,011,,501,"¥3,000",モバイルPASMO,交通費/電車バス,支出,ソニー銀行,親,,,,,
4/26,060,,1099,¥220,バジルの苗木,その他/その他,支出,paypay,,,,,,
4/27,010,,202,¥890,丸亀製麺,食費/外食,支出,ソニー銀行,,,,,,
4/28,210,3,,"¥550,013",三井住友カード支払い,,振替,ソニー銀行,,三井住友カード,,,,
4/28,030,,301,¥328,ダイソー,生活/日用品,支出,三井住友カード,,,,,,
4/28,030,,202,"¥1,830",ハンバーグ,食費/外食,支出,三井住友カード,,,,,,
4/28,030,,202,¥520,エクセルシオール,食費/外食,支出,三井住友カード,,,,,,
4/28,030,,202,¥400,生協,食費/外食,支出,三井住友カード,,,,,,
4/28,030,,202,¥660,生協,食費/外食,支出,三井住友カード,,,,,,
4/29,060,,801,"¥5,500",いちご,娯楽/娯楽,支出,paypay,,,,,,
4/29,050,,202,¥360,ファミマ,食費/外食,支出,d払い,,,,,,
4/30,030,,801,"¥1,200",LINE スタンプ,娯楽/娯楽,支出,三井住友カード,,,,,,
4/30,030,,801,¥600,Premire Pro,娯楽/娯楽,支出,三井住友カード,,,,,,
4/30,030,,704,"¥1,500",iCloud,学業教養/ソフトウェア,支出,三井住友カード,,,,,,
4/30,030,,202,¥247,ドンク,食費/外食,支出,三井住友カード,,,,,,
4/30,150,,1099,"¥3,556",4月dポイント利用,その他/その他,収入,d払い,,,,,,
4/30,051,,601,"¥6,768",4月分通信費,生活費/通信,支出,d払い,親,,,,,
5/1,010,,704,"¥2,907",Claude,学業教養/ソフトウェア,支出,ソニー銀行,,,,,,
5/1,110,,101,"¥7,834",アシェル,収入/アルバイト,収入,ソニー銀行,,,,,,
5/1,030,,801,"¥2,500",デザインあ,娯楽/娯楽,支出,三井住友カード,,,,,,
5/1,030,,801,"¥1,595",パテレ,娯楽/娯楽,支出,三井住友カード,,,,,,
5/2,050,,801,¥980,Spotify,娯楽/娯楽,支出,d払い,,,,,,
5/3,030,,1099,"¥5,400",Apple,その他/その他,支出,三井住友カード,,,,,,
5/3,030,,704,"¥2,700",おこして ME,学業教養/ソフトウェア,支出,三井住友カード,,,,,,
5/4,011,,501,"¥3,000",モバイルPASMO,交通費/電車バス,支出,ソニー銀行,親,,,,,
5/4,051,,701,"¥2,200",本,学業教養/教科書,支出,d払い,親,,,,,
5/4,050,,202,¥780,松屋,食費/外食,支出,d払い,,,,,,
5/4,030,,202,¥350,丸亀,食費/外食,支出,三井住友カード,,,,,,
5/4,030,,202,¥300,丸亀,食費/外食,支出,三井住友カード,,,,,,
5/5,030,,202,¥140,丸亀,食費/外食,支出,三井住友カード,,,,,,
5/6,030,,202,¥210,丸亀,食費/外食,支出,三井住友カード,,,,,,
5/6,030,,202,¥140,丸亀,食費/外食,支出,三井住友カード,,,,,,
5/7,030,,202,¥890,丸亀,食費/外食,支出,三井住友カード,,,,,,
5/8,210,0,,"¥16,000",,,振替,ソニー銀行,,現金,,,,
5/8,010,,799,"¥2,000",スシテック,学業教養/その他,支出,ソニー銀行,,,,,,
5/8,011,,501,"¥3,000",モバイルPASMO,交通費/電車バス,支出,ソニー銀行,親,,,,,
5/8,060,,202,¥809,ガスト with Yen,食費/外食,支出,paypay,,,,,,
5/8,050,,202,¥460,松屋,食費/外食,支出,d払い,,,,,,
5/9,050,,202,¥620,エクセルシオール,食費/外食,支出,d払い,,,,,,
5/9,030,,1099,"-¥5,400",Apple 返品,その他/その他,支出,三井住友カード,,,,,,
5/10,050,,202,¥640,フレッシュネス,食費/外食,支出,d払い,,,,,,
5/11,011,,501,"¥3,000",モバイルPASMO,交通費/電車バス,支出,ソニー銀行,親,,,,,
5/11,030,,202,¥550,星乃,食費/外食,支出,三井住友カード,,,,,,
5/11,030,,202,¥170,自販機,食費/外食,支出,三井住友カード,,,,,,
5/12,210,5,,"¥16,450",d払い支払い,,振替,ソニー銀行,,d払い,,,,
5/12,030,,801,"¥3,520",デザインあ 帽子,娯楽/娯楽,支出,三井住友カード,,,,,,
5/12,000,,202,¥850,ラーメン,食費/外食,支出,現金,,,,,,
5/12,000,,202,"¥1,440",中華 with dp9,食費/外食,支出,現金,,,,,,
5/13,050,,737,¥737,文房具,#N/A,支出,d払い,,,,,,
5/13,030,,202,¥140,自販機,食費/外食,支出,三井住友カード,,,,,,
5/13,030,,202,¥490,ローソン,食費/外食,支出,三井住友カード,,,,,,
5/14,051,,701,"¥2,750",本,学業教養/教科書,支出,d払い,親,,,,,
5/14,030,,202,¥950,パイ麺,食費/外食,支出,三井住友カード,,,,,,
5/15,110,,101,"¥85,942",丸亀製麺,収入/アルバイト,収入,ソニー銀行,,,,,,
5/15,030,,801,"¥1,860",歌広場,娯楽/娯楽,支出,三井住友カード,,,,,,
5/15,030,,702,"¥4,680",筆箱,学業教養/文房具,支出,三井住友カード,,,,,,
5/15,030,,202,¥210,丸亀,食費/外食,支出,三井住友カード,,,,,,
5/16,011,,501,"¥3,000",モバイルPASMO,交通費/電車バス,支出,ソニー銀行,親,,,,,
5/16,060,,204,"¥3,000",5月祭打ち上げ,食費/飲み会,支出,paypay,,,,,,
5/16,060,,204,"¥2,500",新歓打ち上げ,食費/飲み会,支出,paypay,,,,,,
5/16,050,,202,¥550,サンマルク,食費/外食,支出,d払い,,,,,,
5/17,050,,202,¥216,ドンク,食費/外食,支出,d払い,,,,,,
5/17,050,,301,"¥1,078",ホットアイマスク,生活/日用品,支出,d払い,,,,,,
5/17,030,,801,"¥1,000",ピッコマ,娯楽/娯楽,支出,三井住友カード,,,,,,
5/19,050,,202,¥520,松屋,食費/外食,支出,d払い,,,,,,
5/19,030,,202,¥170,自販機,食費/外食,支出,三井住友カード,,,,,,
5/20,110,,199,¥534,デビット利用キャッシュバック,収入/その他,収入,ソニー銀行,,,,,,
5/20,011,,301,"¥20,697",コンタクトレンズ,生活/日用品,支出,ソニー銀行,親,,,,,
5/20,050,,302,"¥1,490",服,生活/衣料品,支出,d払い,,,,,,
5/20,030,,599,¥660,駐車場,交通費/その他,支出,三井住友カード,,,,,,
5/20,031,,302,"¥19,800",メガネ,生活/衣料品,支出,三井住友カード,親,,,,,
5/21,011,,501,"¥3,000",モバイルPASMO,交通費/電車バス,支出,ソニー銀行,親,,,,,
5/23,011,,704,"¥3,233",Chat GPT,学業教養/ソフトウェア,支出,ソニー銀行,親,,,,,
5/23,060,,202,¥330,唐揚げ,食費/外食,支出,paypay,,,,,,
5/23,050,,202,¥650,サンマルク,食費/外食,支出,d払い,,,,,,
5/23,030,,701,"¥2,200",本,学業教養/教科書,支出,三井住友カード,,,,,,
5/23,030,,202,¥420,セブン,食費/外食,支出,三井住友カード,,,,,,
5/23,030,,202,¥138,ローソン,食費/外食,支出,三井住友カード,,,,,,
5/23,030,,202,¥700,ローソン,食費/外食,支出,三井住友カード,,,,,,
5/24,031,,302,"¥3,990",ユニクロ,生活/衣料品,支出,三井住友カード,親,,,,,
5/24,030,,801,¥600,Prime Video,娯楽/娯楽,支出,三井住友カード,,,,,,
5/25,011,,704,"¥3,610",Adobe,学業教養/ソフトウェア,支出,ソニー銀行,親,,,,,
5/25,011,,501,"¥3,000",モバイル PASMO,交通費/電車バス,支出,ソニー銀行,親,,,,,
5/25,030,,202,¥510,スタバ,食費/外食,支出,三井住友カード,,,,,,
5/26,210,3,,"¥67,450",三井住友カード支払い,,振替,ソニー銀行,,三井住友カード,,,,
5/26,050,,301,¥547,歯磨き粉,生活/日用品,支出,d払い,,,,,,
5/26,030,,205,¥765,スーパー,食費/家族,支出,三井住友カード,,,,,,
5/27,051,,205,¥168,大根,食費/家族,支出,d払い,親,,,,,
5/28,030,,202,¥300,丸亀,食費/外食,支出,三井住友カード,,,,,,
5/29,060,,802,"¥1,700",楽譜,学業教養/音楽,支出,paypay,,,,,,
5/30,010,,1099,¥178,生協で何か,その他/その他,支出,ソニー銀行,,,,,,
5/31,110,,101,"¥22,870",アシェル,収入/アルバイト,収入,ソニー銀行,,,,,,
5/31,150,,1099,"¥4,303",5月分dポイント利用,その他/その他,収入,d払い,,,,,,
5/31,041,,601,"¥6,691",5月分通信費,生活費/通信,支出,dカード,親,,,,,
5/31,240,5,,"¥9,563",dカード→d払い,,振替,dカード,,d払い,,,,
6/1,330,,,"-¥52,648",,,残高確認,三井住友カード,,,,,,
6/1,070,,801,"¥1,595",パリーグTV,娯楽/娯楽,支出,OLIVE,,,,,,
6/1,050,,801,¥980,Spotify,娯楽/娯楽,支出,d払い,,,,,,
6/2,050,,801,"¥1,500",iCloud,娯楽/娯楽,支出,d払い,,,,,,
6/2,040,,202,¥680,マクドナルド,食費/外食,支出,dカード,,,,,,
6/3,010,,,"¥3,000",PASMO,,支出,ソニー銀行,,,,,,
6/3,041,,501,"¥3,000",モバイルPASMO,交通費/電車バス,支出,dカード,親,,,,,
6/3,040,,202,¥130,自販機,食費/外食,支出,dカード,,,,,,
6/4,310,,,"¥31,963",,,残高確認,ソニー銀行,,,,,,
6/4,060,,804,"¥1,700",新歓ZINE カンパ,娯楽/交際,支出,paypay,,,,,,
6/4,040,,202,¥350,丸亀製麺,食費/外食,支出,dカード,,,,,,
6/5,040,,202,¥159,セブンイレブン,食費/外食,支出,dカード,,,,,,
6/5,050,,202,¥183,ミスド,食費/外食,支出,d払い,,,,,,
6/5,001,,205,"¥3,788",まつばやとつくね,食費/家族,支出,現金,親,,,,,
6/6,360,,,"¥8,210",,,残高確認,paypay,,,,,,
6/6,040,,801,"¥4,400",デザインあ,娯楽/娯楽,支出,dカード,,,,,,
6/6,040,,1002,"¥6,000",譜面台（部室）,その他/立替,支出,dカード,,,,,,
6/6,040,,601,¥460,簡易書留,生活費/通信,支出,dカード,,,,,,
6/6,040,,202,¥869,ベーカリーレストラン,食費/外食,支出,dカード,,,,,,
6/6,040,,202,¥143,購買,食費/外食,支出,dカード,,,,,,
6/6,040,,202,¥130,自販機,食費/外食,支出,dカード,,,,,,
6/7,070,,1099,¥550,利用明細再発行手数料,その他/その他,支出,OLIVE,,,,,,
6/7,040,,1002,"¥3,755",メトロノーム（部室）,その他/立替,支出,dカード,,,,,,
6/7,040,,202,¥150,自販機,食費/外食,支出,dカード,,,,,,
6/7,060,,202,"¥1,300",ガスト（RADICA会議）,食費/外食,支出,paypay,,,,,,
6/8,040,,202,¥194,セブン,食費/外食,支出,dカード,,,,,,
6/9,110,,103,"¥130,987","4,5月経費",収入/立替金回収,収入,ソニー銀行,,,,,,
6/9,110,,102,"¥90,000","4,5月分お小遣い",収入/お小遣い,収入,ソニー銀行,,,,,,
6/9,210,2,,"¥100,000",ソニー→三井住友,,振替,ソニー銀行,,三井住友銀行,,,,
6/9,110,,103,"¥2,424",東京大学吹奏楽部,収入/立替金回収,収入,ソニー銀行,,,,,,
6/9,040,,202,"¥2,760",二子玉川ライズ,食費/外食,支出,dカード,,,,,,
6/9,040,,801,"¥1,030",映画,娯楽/娯楽,支出,dカード,,,,,,
6/10,040,,202,¥990,丸亀,食費/外食,支出,dカード,,,,,,
6/11,040,,202,¥140,丸亀,食費/外食,支出,dカード,,,,,,
6/11,040,,202,¥129,ココカラファイン,食費/外食,支出,dカード,,,,,,
6/11,040,,202,¥130,自販機,食費/外食,支出,dカード,,,,,,
6/12,071,,203,"¥30,000",学食マネーチャージ,食費/学食,支出,OLIVE,親,,,,,
6/12,041,,203,¥715,学食,食費/学食,支出,dカード,親,,,,,
6/12,041,,501,"¥3,000",モバイルPASMO,交通費/電車バス,支出,dカード,親,,,,,
6/12,050,,202,¥962,ファミマ,食費/外食,支出,d払い,,,,,,
6/12,060,,202,¥790,ガスト（RADICA会議）,食費/外食,支出,paypay,,,,,,
6/13,110,,101,"¥108,681",丸亀製麺,収入/アルバイト,収入,ソニー銀行,,,,,,
6/13,072,,205,¥356,オオゼキ,食費/家族,支出,OLIVE,友人,,,,,
6/13,041,,205,"¥2,080",ODAKYU OX,食費/家族,支出,dカード,親,,,,,
6/13,041,,205,¥930,ODAKYU OX,食費/家族,支出,dカード,親,,,,,
6/13,040,,202,¥140,自販機,食費/外食,支出,dカード,,,,,,
6/13,050,,202,¥500,ドトール,食費/外食,支出,d払い,,,,,,
6/14,040,,202,"¥10,060",焼肉れんが,食費/外食,支出,dカード,,,,,,
6/14,040,,1002,¥635,たくろう用アイマスク,その他/立替,支出,dカード,,,,,,
6/14,050,,202,¥446,ローソン,食費/外食,支出,d払い,,,,,,
6/15,040,,1099,"¥3,000",カード年会費,その他/その他,支出,dカード,,,,,,
6/15,040,,202,¥990,丸亀製麺,食費/外食,支出,dカード,,,,,,
6/15,040,,501,"¥3,000",丸亀製麺,交通費/電車バス,支出,dカード,,,,,,
6/17,040,,703,"¥27,000",GOETHE試験,学業教養/資格,支出,dカード,,,,,,
6/18,050,,202,"¥1,530",ポポラマーマ,食費/外食,支出,d払い,,,,,,
6/19,040,,202,¥479,購買,食費/外食,支出,dカード,,,,,,
6/19,040,,202,¥140,自販機,食費/外食,支出,dカード,,,,,,
6/19,050,,202,¥490,タリーズ,食費/外食,支出,d払い,,,,,,
6/20,110,,199,¥285,デビット利用キャッシュバック,収入/その他,収入,ソニー銀行,,,,,,
6/20,010,,1003,"¥60,000",Macbook代,その他/借金返済,支出,ソニー銀行,,,,,,
6/20,040,,704,"¥2,980",CURSOR,学業教養/ソフトウェア,支出,dカード,,,,,,
6/20,041,,501,"¥3,000",モバイルPASMO,交通費/電車バス,支出,dカード,親,,,,,
6/20,050,,202,¥650,サンマルク,食費/外食,支出,d払い,,,,,,
6/22,040,,202,¥181,セブンイレブン,食費/外食,支出,dカード,,,,,,
6/22,040,,202,¥150,自販機,食費/外食,支出,dカード,,,,,,
6/22,040,,202,¥130,自販機,食費/外食,支出,dカード,,,,,,
6/22,050,,801,¥980,Spotify,娯楽/娯楽,支出,d払い,,,,,,
6/22,060,,804,¥321,楽譜代（6月アンサ）,娯楽/交際,支出,paypay,,,,,,
6/22,060,,804,¥100,ヨナタンへのGift,娯楽/交際,支出,paypay,,,,,,
6/22,060,,804,¥100,ヨナタンへのGift,娯楽/交際,支出,paypay,,,,,,
6/23,011,,704,"¥3,274",Open AI,学業教養/ソフトウェア,支出,ソニー銀行,親,,,,,
6/23,041,,501,"¥3,000",モバイルPASMO,交通費/電車バス,支出,dカード,親,,,,,
6/25,110,,103,"¥55,613",立替金（三井住友カード分）,収入/立替金回収,収入,ソニー銀行,,,,,,
6/25,071,,704,"¥3,610",Adobe,学業教養/ソフトウェア,支出,OLIVE,親,,,,,
6/25,040,,201,"¥1,396",ピーコック,食費/自炊,支出,dカード,,,,,,
6/25,040,,202,¥90,丸亀,食費/外食,支出,dカード,,,,,,
6/25,040,,202,¥80,丸亀,食費/外食,支出,dカード,,,,,,
6/26,010,,801,¥336,漫画,娯楽/娯楽,支出,ソニー銀行,,,,,,
6/26,010,,801,"¥1,320",漫画,娯楽/娯楽,支出,ソニー銀行,,,,,,
6/26,210,3,,"¥52,648",三井住友カード6月,,振替,ソニー銀行,,三井住友カード,,,,
6/26,110,,199,"¥280,000",授業料立替,収入/その他,収入,ソニー銀行,,,,,,
6/26,070,,201,"¥1,100",スタバ,食費/自炊,支出,OLIVE,,,,,,
6/26,060,,1099,"¥3,365",RADICA出資金,その他/その他,支出,paypay,,,,,,
6/27,010,,705,"¥267,900",学費,学業教養/学費,支出,ソニー銀行,,,,,,
6/27,041,,501,"¥3,000",モバイルPASMO,交通費/電車バス,支出,dカード,親,,,,,
6/27,050,,202,¥680,エクセルシオール,食費/外食,支出,d払い,,,,,,
6/27,160,,199,¥300,よしおりさんからお金回収,収入/その他,収入,paypay,,,,,,
6/28,040,,202,¥500,ソフトクリーム,食費/外食,支出,dカード,,,,,,
6/28,040,,202,¥120,自販機,食費/外食,支出,dカード,,,,,,
6/28,001,,205,"¥2,700",ルーがん,食費/家族,支出,現金,親,,,,,
6/29,040,,202,¥150,自販機,食費/外食,支出,dカード,,,,,,
6/29,050,,202,¥780,松ケン中華食堂,食費/外食,支出,d払い,,,,,,
6/29,150,,199,"¥6,121",6月分ポイント利用,収入/その他,収入,d払い,,,,,,
6/30,210,0,,"¥14,000",現金引き出し,,振替,ソニー銀行,,現金,,,,
6/30,040,,801,"¥2,600",湯,娯楽/娯楽,支出,dカード,,,,,,
6/30,041,,501,"¥3,000",モバイルPASMO,交通費/電車バス,支出,dカード,親,,,,,
6/30,041,,501,"¥3,000",モバイルPASMO,交通費/電車バス,支出,dカード,親,,,,,
6/30,040,,801,"¥2,500",湯,娯楽/娯楽,支出,dカード,,,,,,
6/30,041,,,"¥8,775",6月分通信費,,支出,dカード,親,,,,,
6/30,240,5,,"¥1,960",dカード→d払い,,振替,dカード,,d払い,,,,
7/1,110,,101,"¥27,672",アシェル6月,収入/アルバイト,収入,ソニー銀行,,,,,,
7/1,070,,801,"¥1,595",パリーグTV,娯楽/娯楽,支出,OLIVE,,,,,,
7/1,040,,202,¥270,丸亀,食費/外食,支出,dカード,,,,,,
7/1,050,,704,"¥1,500",iCloud,学業教養/ソフトウェア,支出,d払い,,,,,,
7/2,050,,202,¥297,セブン,食費/外食,支出,d払い,,,,,,
7/3,041,,303,"¥4,050",髪,生活/美容,支出,dカード,親,,,,,
7/3,040,,202,"¥1,190",大阪王将,食費/外食,支出,dカード,,,,,,
7/3,041,,501,"¥3,000",モバイルPASMO,交通費/電車バス,支出,dカード,親,,,,,
7/4,110,,101,"¥4,072",チューター,収入/アルバイト,収入,ソニー銀行,,,,,,
7/7,010,,504,"¥7,150",タイムズカー,交通費/車,支出,ソニー銀行,,,,,,
7/7,041,,501,"¥3,000",モバイルPASMO,交通費/電車バス,支出,dカード,親,,,,,
7/8,071,,501,"¥3,000",モバイル PASMO,交通費/電車バス,支出,OLIVE,親,,,,,
7/8,040,,202,¥190,丸亀,食費/外食,支出,dカード,,,,,,
7/9,040,,202,¥200,ドンク,食費/外食,支出,dカード,,,,,,
7/9,040,,202,¥150,自販機,食費/外食,支出,dカード,,,,,,
7/9,050,,202,¥484,セブン,食費/外食,支出,d払い,,,,,,
7/10,110,,101,"¥6,286",Nectere,収入/アルバイト,収入,ソニー銀行,,,,,,
7/10,220,4,,"¥66,703",三井住友→Dカード,,振替,三井住友銀行,,dカード,,,,
7/10,040,,804,¥547,ブラス用電池,娯楽/交際,支出,dカード,,,,,,
7/10,040,,202,¥780,マック,食費/外食,支出,dカード,,,,,,
7/10,050,,202,¥393,セブン,食費/外食,支出,d払い,,,,,,
7/11,041,,501,"¥3,000",モバイルPASMO,交通費/電車バス,支出,dカード,親,,,,,
7/11,040,,204,¥655,ドイツ語パーティー,食費/飲み会,支出,dカード,,,,,,
7/11,040,,202,¥140,自販機,食費/外食,支出,dカード,,,,,,
7/11,050,,202,¥550,サンマルク,食費/外食,支出,d払い,,,,,,
7/12,041,,302,"¥14,430",ユニクロ,生活/衣料品,支出,dカード,親,,,,,
7/12,040,,301,"¥3,280",無印（洗濯物かご）,生活/日用品,支出,dカード,,,,,,
7/13,210,2,,"¥100,000",ソニー→三井住友,,振替,ソニー銀行,,三井住友銀行,,,,
7/13,040,,202,¥300,パイ麺,食費/外食,支出,dカード,,,,,,
7/14,210,0,,"¥14,000",ソニー→現金,,振替,ソニー銀行,,現金,,,,
7/14,000,,802,"¥1,400",魔笛練習 スタジオ代,学業教養/音楽,支出,現金,,,,,,
7/15,110,,101,"¥73,457",丸亀6月,収入/アルバイト,収入,ソニー銀行,,,,,,
7/15,041,,501,"¥3,000",モバイルPASMO,交通費/電車バス,支出,dカード,親,,,,,
7/15,060,,804,¥440,TLP先生へのギフト,娯楽/交際,支出,paypay,,,,,,
7/15,060,,804,¥900,ヨナタンへのGift,娯楽/交際,支出,paypay,,,,,,
7/15,060,,804,¥360,TLP先生へのギフト,娯楽/交際,支出,paypay,,,,,,
7/16,070,,799,"¥119,800",Apple Store,学業教養/その他,支出,OLIVE,,,,,,
7/16,040,,202,¥130,自販機,食費/外食,支出,dカード,,,,,,
7/16,040,,202,"¥1,180",パイ麺,食費/外食,支出,dカード,,,,,,
7/16,040,,202,¥100,パイ麺,食費/外食,支出,dカード,,,,,,
7/17,040,,202,¥390,丸亀,食費/外食,支出,dカード,,,,,,
7/18,041,,501,"¥3,000",モバイルPASMO,交通費/電車バス,支出,dカード,親,,,,,
7/18,050,,202,¥183,セブン,食費/外食,支出,d払い,,,,,,
7/19,050,,202,¥149,セブン,食費/外食,支出,d払い,,,,,,
7/20,040,,704,"¥3,043",Cursor,学業教養/ソフトウェア,支出,dカード,,,,,,
7/20,050,,202,¥492,セブン,食費/外食,支出,d払い,,,,,,
7/21,040,,202,¥150,自販機,食費/外食,支出,dカード,,,,,,
7/21,050,,301,"¥3,880",スマホフィルム,生活/日用品,支出,d払い,,,,,,
7/22,110,,199,¥24,デビット利用キャッシュバック,収入/その他,収入,ソニー銀行,,,,,,
7/22,050,,202,"¥1,070",丸亀,食費/外食,支出,d払い,,,,,,
7/22,050,,801,¥980,Spotify,娯楽/娯楽,支出,d払い,,,,,,
7/22,001,,205,"¥2,566",まつばや,食費/家族,支出,現金,親,,,,,
7/23,011,,704,"¥3,313",OpenAI,学業教養/ソフトウェア,支出,ソニー銀行,親,,,,,
7/23,041,,504,"¥3,000",ガソリン,交通費/車,支出,dカード,親,,,,,
7/23,040,,302,"¥4,400",Tシャツ,生活/衣料品,支出,dカード,,,,,,
7/23,050,,202,¥287,セブン,食費/外食,支出,d払い,,,,,,
7/25,071,,704,"¥3,610",Adobe,学業教養/ソフトウェア,支出,OLIVE,親,,,,,
7/25,040,,202,¥200,お茶,食費/外食,支出,dカード,,,,,,
7/25,041,,501,"¥3,000",モバイルPASMO,交通費/電車バス,支出,dカード,親,,,,,
7/25,040,,202,¥160,自販機,食費/外食,支出,dカード,,,,,,
7/25,040,,202,¥150,自販機,食費/外食,支出,dカード,,,,,,
7/26,040,,202,¥910,バーガーキング,食費/外食,支出,dカード,,,,,,
7/27,000,,802,"¥3,000",OBバンドのり代,学業教養/音楽,支出,現金,,,,,,
7/28,220,7,,"¥36,661",三井住友→OLIVE,,振替,三井住友銀行,,OLIVE,,,,
7/29,210,0,,"¥20,000",ソニー→現金,,振替,ソニー銀行,,現金,,,,
7/29,050,,301,"¥1,756",耳かきと洗濯糊,生活/日用品,支出,d払い,,,,,,
7/29,150,,199,"¥3,709",7月分dポイント利用,収入/その他,収入,d払い,,,,,,
7/29,200,6,,"¥23,000",,,振替,現金,,paypay,,,,
7/29,060,,801,"¥23,000",箱根旅行代,娯楽/娯楽,支出,paypay,,,,,,
7/29,000,,202,"¥1,200",ガストRADICA会議,食費/外食,支出,現金,,,,,,
7/30,370,,,"-¥128,555",,,残高確認,OLIVE,,,,,,
7/30,320,,,"¥96,636",,,残高確認,三井住友銀行,,,,,,
7/30,340,,,"-¥122,226",,,残高確認,dカード,,,,,,
7/30,350,,,"-¥12,522",,,残高確認,d払い,,,,,,
7/30,360,,,¥834,,,残高確認,paypay,,,,,,
7/30,300,,,"¥1,264",,,残高確認,現金,,,,,,
7/31,051,,601,"¥5,984",7月分通信費,生活費/通信,支出,d払い,親,,,,,
7/31,240,5,,"¥16,494",dカード→d払い,,振替,dカード,,d払い,,,,
7/31,040,,504,"¥6,350",ETC,交通費/車,支出,dカード,,,,,,
7/31,070,,801,"¥17,600",シュノーケリング,娯楽/娯楽,支出,OLIVE,,,,,,
7/31,070,,202,"¥1,310",ソフトクリーム,食費/外食,支出,OLIVE,,,,,,
7/31,070,,202,"¥1,490",ファミマ,食費/外食,支出,OLIVE,,,,,,
8/1,050,,202,¥599,ファミマ,食費/外食,支出,d払い,,,,,,
8/1,050,,202,¥737,セブン,食費/外食,支出,d払い,,,,,,
8/1,050,,202,"¥2,100",RADICA会議（ガスト）,食費/外食,支出,d払い,,,,,,
8/1,160,,103,"¥1,100",Goethe試験勉強ガスト,収入/立替金回収,収入,paypay,,,,,,
8/1,070,,801,"¥1,595",パテレ,娯楽/娯楽,支出,OLIVE,,,,,,
8/2,050,,202,¥183,セブン,食費/外食,支出,d払い,,,,,,
8/2,110,,101,"¥27,338",アシェル7月,収入/アルバイト,収入,ソニー銀行,,,,,,
8/2,070,,202,¥980,パイ麺,食費/外食,支出,OLIVE,,,,,,
8/3,050,,202,¥790,RADICA会議（ガスト）,食費/外食,支出,d払い,,,,,,
8/3,160,,103,¥440,RADICA会議,収入/立替金回収,収入,paypay,,,,,,
8/3,071,,501,"¥3,000",モバイルPASMO,交通費/電車バス,支出,OLIVE,親,,,,,
8/4,050,,202,¥183,セブン,食費/外食,支出,d払い,,,,,,
8/4,050,,202,¥149,ローソン,食費/外食,支出,d払い,,,,,,
8/4,060,,202,¥950,弁当,食費/外食,支出,paypay,,,,,,
8/4,040,,,,,,支出,dカード,,,,,,
8/4,210,0,,"¥14,000",ソニー→現金,,振替,ソニー銀行,,現金,,,,
8/4,070,,202,¥272,セブン,食費/外食,支出,OLIVE,,,,,,
8/4,070,,202,"¥2,017",セブン,食費/外食,支出,OLIVE,,,,,,
8/5,050,,202,¥287,セブン,食費/外食,支出,d払い,,,,,,
8/5,050,,202,¥190,セブン,食費/外食,支出,d払い,,,,,,
8/5,210,2,,"¥150,000",ソニー→三井住友,,振替,ソニー銀行,,三井住友銀行,,,,
8/5,070,,202,"¥5,736",ハンバーガー,食費/外食,支出,OLIVE,,,,,,
8/6,050,,202,¥352,ファミマ,食費/外食,支出,d払い,,,,,,
8/6,160,,103,"¥2,564",クラス費変換,収入/立替金回収,収入,paypay,,,,,,
8/6,110,,101,"¥8,000",ブラス指導,収入/アルバイト,収入,ソニー銀行,,,,,,
8/7,160,,199,¥2,プレゼント,収入/その他,収入,paypay,,,,,,
8/7,071,,502,"¥2,140",あずさ,交通費/特急,支出,OLIVE,親,,,,,
8/8,071,,502,"¥4,280",あずさ * 二人,交通費/特急,支出,OLIVE,親,,,,,
8/9,011,,501,"¥3,000",モバイルPASMO,交通費/電車バス,支出,ソニー銀行,親,,,,,
8/9,010,,801,"¥1,800",カラオケの鉄人,娯楽/娯楽,支出,ソニー銀行,,,,,,
8/9,071,,205,"¥2,850",けいさんの弁当,食費/家族,支出,OLIVE,親,,,,,
8/9,071,,502,"¥3,000",モバイルPASMO,交通費/特急,支出,OLIVE,親,,,,,
8/10,050,,202,¥525,ドンク,食費/外食,支出,d払い,,,,,,
8/11,051,,706,"¥3,300",PLURALITY　対立を創造に変える、協働テクノロジーと民主主義の未来（サイボウズ式ブックス）,学業教養/書籍,支出,d払い,親,,,,,
8/11,110,,103,"¥134,221","6,7月分",収入/立替金回収,収入,ソニー銀行,,,,,,
8/11,110,,102,"¥90,000","6,7月分お小遣い",収入/お小遣い,収入,ソニー銀行,,,,,,
8/12,050,,202,"¥1,650",パンケーキ,食費/外食,支出,d払い,,,,,,
8/12,050,,202,¥167,ファミマ,食費/外食,支出,d払い,,,,,,
8/12,040,,202,¥780,マック,食費/外食,支出,dカード,,,,,,
8/12,011,,501,"¥3,000",モバイルPASMO,交通費/電車バス,支出,ソニー銀行,親,,,,,
8/12,220,4,,"¥102,413",三井住友→dカード,,振替,三井住友銀行,,dカード,,,,
8/13,050,,202,¥167,ファミマ,食費/外食,支出,d払い,,,,,,
8/13,060,,202,"¥1,210",Nectere会議 @ 武蔵の森,食費/外食,支出,paypay,,,,,,
8/13,010,,1003,"¥40,000",Macbook代,その他/借金返済,支出,ソニー銀行,,,,,,
8/14,050,,202,¥560,松屋,食費/外食,支出,d払い,,,,,,
8/15,050,,202,¥151,セブン,食費/外食,支出,d払い,,,,,,
8/15,110,,101,"¥105,154",丸亀製麺,収入/アルバイト,収入,ソニー銀行,,,,,,
8/15,210,2,,"¥150,000",ソニー→三井住友,,振替,ソニー銀行,,三井住友銀行,,,,
8/15,010,,1099,¥110,振り込み手数料,その他/その他,支出,ソニー銀行,,,,,,
8/16,041,,504,"¥5,856",ガソリン,交通費/車,支出,dカード,親,,,,,
8/16,040,,801,"¥1,000",ピッコマ,娯楽/娯楽,支出,dカード,,,,,,
8/16,040,,504,"¥1,100",駐車場,交通費/車,支出,dカード,,,,,,
8/17,060,,202,"¥1,000",OBバンド飲み会,食費/外食,支出,paypay,,,,,,
8/17,041,,501,"¥3,000",モバイルPASMO,交通費/電車バス,支出,dカード,親,,,,,
8/17,040,,202,¥150,自販機,食費/外食,支出,dカード,,,,,,
8/17,010,,706,"¥1,755",フルートの運指標,学業教養/書籍,支出,ソニー銀行,,,,,,
8/18,110,,199,¥176,決済利息,収入/その他,収入,ソニー銀行,,,,,,
8/18,120,,199,¥40,利息,収入/その他,収入,三井住友銀行,,,,,,
8/19,040,,202,¥700,セブン,食費/外食,支出,dカード,,,,,,
8/19,040,,202,¥80,自販機,食費/外食,支出,dカード,,,,,,
8/19,040,,202,¥100,自販機,食費/外食,支出,dカード,,,,,,
8/19,040,,202,¥864,ことりお菓子,食費/外食,支出,dカード,,,,,,
8/19,040,,202,¥550,スタバ,食費/外食,支出,dカード,,,,,,
8/19,041,,706,"¥7,590",書籍,学業教養/書籍,支出,dカード,親,,,,,
8/20,160,,103,¥380,おにぎり,収入/立替金回収,収入,paypay,,,,,,
8/20,040,,202,¥598,お菓子@SA,食費/外食,支出,dカード,,,,,,
8/20,040,,202,¥495,セブン,食費/外食,支出,dカード,,,,,,
8/20,040,,399,"¥2,780",イヤホン,生活/その他,支出,dカード,,,,,,
8/20,040,,704,"¥3,028",Cursor,学業教養/ソフトウェア,支出,dカード,,,,,,
8/20,110,,199,¥35,デビット利用キャッシュバック,収入/その他,収入,ソニー銀行,,,,,,
8/22,041,,501,"¥1,190",長野電鉄,交通費/電車バス,支出,dカード,親,,,,,
8/22,041,,501,"¥3,000",モバイルPASMO,交通費/電車バス,支出,dカード,親,,,,,
8/22,040,,202,¥603,NewDays,食費/外食,支出,dカード,,,,,,
8/22,040,,202,¥160,自販機,食費/外食,支出,dカード,,,,,,
8/22,071,,502,"¥7,810",新幹線（長野→東京）,交通費/特急,支出,OLIVE,親,,,,,
8/23,060,,202,¥350,さつま揚げ@SA,食費/外食,支出,paypay,,,,,,
8/23,160,,202,"¥1,000",OBバンド打ち上げ,食費/外食,収入,paypay,,,,,,
8/23,160,,199,¥5,OBバンド打ち上げ,収入/その他,収入,paypay,,,,,,
8/23,040,,202,¥800,丸亀,食費/外食,支出,dカード,,,,,,
8/23,040,,202,¥183,セブン,食費/外食,支出,dカード,,,,,,
8/23,040,,202,¥319,セブン,食費/外食,支出,dカード,,,,,,
8/23,011,,704,"¥3,332",Chat GPT,学業教養/ソフトウェア,支出,ソニー銀行,親,,,,,
8/23,000,,205,"¥1,000",飲み会,食費/家族,支出,現金,,,,,,
8/24,040,,202,¥130,自販機,食費/外食,支出,dカード,,,,,,
8/24,040,,202,¥385,文房具,食費/外食,支出,dカード,,,,,,
8/25,071,,704,"¥3,610",Adobe,学業教養/ソフトウェア,支出,OLIVE,親,,,,,
8/26,220,7,,"¥147,465",三井住友銀行→三井住友カード,,振替,三井住友銀行,,OLIVE,,,,
8/27,040,,301,"¥4,008",日用品,生活/日用品,支出,dカード,,,,,,
8/27,041,,501,"¥3,000",モバイルPASMO,交通費/電車バス,支出,dカード,親,,,,,
8/27,040,,202,¥130,自販機,食費/外食,支出,dカード,,,,,,
8/28,060,,199,"¥1,240",RADICA会議＠ガスト,収入/その他,支出,paypay,,,,,,
8/28,040,,204,"¥6,758",飲み with 養田,食費/飲み会,支出,dカード,,,,,,
8/29,040,,202,¥130,自販機,食費/外食,支出,dカード,,,,,,
8/29,100,,103,"¥3,000",養田,収入/立替金回収,収入,現金,,,,,,
8/30,040,,202,¥160,セブン,食費/外食,支出,dカード,,,,,,
8/31,050,,202,¥535,セブン,食費/外食,支出,d払い,,,,,,
8/31,150,,199,"¥2,710",8月分dポイント利用,収入/その他,収入,d払い,,,,,,
8/31,051,,601,"¥6,384",8月分通信費,生活費/通信,支出,d払い,親,,,,,
8/31,060,,202,¥506,はま寿司,食費/外食,支出,paypay,,,,,,
8/31,041,,501,"¥3,000",モバイルPASMO,交通費/電車バス,支出,dカード,親,,,,,
8/31,040,,202,¥90,自販機,食費/外食,支出,dカード,,,,,,
8/31,040,,703,"¥20,000",Goethe Zertificat（ドイツ語の試験）,学業教養/資格,支出,dカード,,,,,,
8/31,210,0,,"¥35,000",ソニー→現金,,振替,ソニー銀行,,現金,,,,
8/31,000,,202,"¥2,650",ラーメン,食費/外食,支出,現金,,,,,,
9/1,350,,,"-¥16,937",,,残高確認,d払い,,,,,,
9/1,360,,,¥500,,,残高確認,paypay,,,,,,
9/1,040,,202,"¥2,474",ファミマ,食費/外食,支出,dカード,,,,,,
9/1,040,,202,¥160,自販機,食費/外食,支出,dカード,,,,,,
9/1,070,,801,"¥1,595",パテレ,娯楽/娯楽,支出,OLIVE,,,,,,
9/1,070,,801,"¥24,890",レンタカー,娯楽/娯楽,支出,OLIVE,,,,,,
9/1,110,,101,"¥87,510",アシェル,収入/アルバイト,収入,ソニー銀行,,,,,,
9/2,010,,402,"¥1,814",GOOGLE API,仕事/RADICA,支出,ソニー銀行,,,,,,
9/2,070,,202,"¥7,141",道の駅,食費/外食,支出,OLIVE,,,,,,
9/2,070,,202,¥390,道の駅,食費/外食,支出,OLIVE,,,,,,
9/2,070,,801,"¥1,320",なまはげ,娯楽/娯楽,支出,OLIVE,,,,,,
9/4,010,,204,"¥3,400",06BBQ,食費/飲み会,支出,ソニー銀行,,,,,,
9/4,120,,199,¥30,養田貴大,収入/その他,収入,三井住友銀行,,,,,,
9/5,340,,,"-¥125,681",,,残高確認,dカード,,,,,,d
9/5,370,,,"-¥77,116",,,残高確認,OLIVE,,,,,,
9/5,320,,,"¥146,828",,,残高確認,三井住友銀行,,,,,,
9/5,300,,,"¥34,600",,,残高確認,現金,,,,,,
9/6,110,,103,"¥78,326",8月分経費,収入/立替金回収,収入,ソニー銀行,,,,,,
9/6,110,,102,"¥45,000",8月分お小遣い,,,,,,,,,
9/6,071,,504,"¥5,678",ガソリン,交通費/車,支出,OLIVE,親,,,,,
9/6,071,,501,"¥3,000",モバイル PASMO チャージ,交通費/電車バス,支出,OLIVE,親,,,,,
9/6,070,,202,"¥3,720",高島屋,食費/外食,支出,OLIVE,,,,,,
9/6,070,,202,¥430,フレッシュネス,食費/外食,支出,OLIVE,,,,,,
9/6,071,,303,"¥4,250",髪の毛,生活/美容,支出,OLIVE,親,,,,,
9/6,070,,599,¥250,LUUP,交通費/その他,支出,OLIVE,,,,,,
9/8,071,,501,"¥3,000",モバイルPASMO,交通費/電車バス,支出,OLIVE,親,,,,,
9/9,070,,202,¥336,ドンク,食費/外食,支出,OLIVE,,,,,,
9/10,070,,202,¥710,ワッフル,食費/外食,支出,OLIVE,,,,,,
9/10,220,4,,"¥51,020",三井住友→dカード,,振替,三井住友銀行,,dカード,,,,
9/11,070,,202,¥740,丸亀製麺,食費/外食,支出,OLIVE,,,,,,
9/12,110,,101,"¥90,212",丸亀製麺8月分,収入/アルバイト,収入,ソニー銀行,,,,,,
9/12,070,,504,¥840,駐車場,交通費/車,支出,OLIVE,,,,,,
9/13,160,,103,"¥4,500",焼肉,収入/立替金回収,収入,paypay,,,,,,
9/13,070,,202,"¥18,000",肉屋の台所,食費/外食,支出,OLIVE,,,,,,
9/16,010,,803,"¥34,795",部費＋合宿費,娯楽/団体費,支出,ソニー銀行,,,,,,
9/19,011,,504,"¥1,210",タイムズカー（まりさん迎え）,交通費/車,支出,ソニー銀行,親,,,,,
9/20,210,0,,"¥124,000",引き出し,,振替,ソニー銀行,,現金,,,,
9/20,070,,202,¥596,dp9合宿の食糧,食費/外食,支出,OLIVE,,,,,,
9/20,070,,202,"¥1,228",食糧,食費/外食,支出,OLIVE,,,,,,
9/21,110,,103,"¥925,970",dp9合宿参加費,収入/立替金回収,収入,ソニー銀行,,,,,,
9/21,010,,1002,"¥330,000",dp9合宿バス,その他/立替,支出,ソニー銀行,,,,,,
9/21,010,,1002,"¥513,700",dp9宿,その他/立替,支出,ソニー銀行,,,,,,
9/21,010,,1002,"¥4,936",dp9しおり,その他/立替,支出,ソニー銀行,,,,,,
9/21,010,,1002,"¥25,539",dp9買い出し,その他/立替,支出,ソニー銀行,,,,,,
9/21,010,,1002,"¥5,857",dp9花火,その他/立替,支出,ソニー銀行,,,,,,
9/21,160,,103,"¥18,393",dp9,収入/立替金回収,収入,paypay,,,,,,
9/21,060,,801,"¥1,210",漫画,娯楽/娯楽,支出,paypay,,,,,,
9/21,060,,1002,¥828,dp9お菓子,その他/立替,支出,paypay,,,,,,
9/21,070,,202,¥545,スタバ,食費/外食,支出,OLIVE,,,,,,
9/22,110,,199,¥47,デビット利用キャッシュバック,収入/その他,収入,ソニー銀行,,,,,,
9/23,011,,704,"¥3,323",Chat GPT,学業教養/ソフトウェア,支出,ソニー銀行,親,,,,,
9/23,071,,501,"¥3,000",モバイルPASMO,交通費/電車バス,支出,OLIVE,親,,,,,
9/23,071,,302,"¥9,320",ユニクロ,生活/衣料品,支出,OLIVE,親,,,,,
9/23,070,,202,"¥1,230",星乃,食費/外食,支出,OLIVE,,,,,,
9/25,210,2,,"¥200,000",ソニー→三井住友,,振替,ソニー銀行,,三井住友銀行,,,,
9/25,010,,1099,¥110,振り込み手数料,その他/その他,支出,ソニー銀行,,,,,,
9/25,070,,202,"¥1,063",ファミリーマ,食費/外食,支出,OLIVE,,,,,,
9/25,071,,704,"¥3,610",Adobe,学業教養/ソフトウェア,支出,OLIVE,親,,,,,
9/26,070,,202,¥790,ドトール,食費/外食,支出,OLIVE,,,,,,
9/26,070,,599,¥550,LUUP,交通費/その他,支出,OLIVE,,,,,,
9/26,220,7,,"¥41,780",三井住友→OLIVE,,振替,三井住友銀行,,OLIVE,,,,
9/27,070,,202,¥334,ファミマ,食費/外食,支出,OLIVE,,,,,,
9/27,071,,501,"¥3,000",モバイルPASMOチャージ,交通費/電車バス,支出,OLIVE,親,,,,,
9/27,070,,202,¥388,パン,食費/外食,支出,OLIVE,,,,,,
9/28,070,,202,¥220,丸亀,食費/外食,支出,OLIVE,,,,,,
9/29,070,,202,"¥3,318",ガスト,食費/外食,支出,OLIVE,,,,,,
9/30,070,,202,¥167,ファミマ,食費/外食,支出,OLIVE,,,,,,
10/1,070,,801,"¥1,595",パテれ,娯楽/娯楽,支出,OLIVE,,,,,,
10/1,070,,202,¥550,スタバ,食費/外食,支出,OLIVE,,,,,,
10/2,010,,704,"¥3,018",Cursor,学業教養/ソフトウェア,支出,ソニー銀行,,,,,,
10/2,010,,1002,¥14,Google,その他/立替,支出,ソニー銀行,,,,,,
10/3,011,,901,"¥8,925",コンタクト,生活/医療,支出,ソニー銀行,親,,,,,
10/3,011,,901,¥840,眼科,生活/医療,支出,ソニー銀行,親,,,,,
10/3,110,,101,"¥80,174",アシェル9月分,収入/アルバイト,収入,ソニー銀行,,,,,,
10/3,010,,202,"¥1,459",スタバ,食費/外食,支出,ソニー銀行,,,,,,
10/3,060,,202,¥890,とりから弁当,食費/外食,支出,paypay,,,,,,
10/4,011,,501,"¥3,000",PASMO,交通費/電車バス,支出,ソニー銀行,親,,,,,
10/5,310,,,"¥180,140",,,残高確認,ソニー銀行,,,,,,
10/5,360,,,"¥20,465",,,残高確認,paypay,,,,,,
10/5,370,,,"-¥108,208",,,残高確認,OLIVE,,,,,,
10/5,320,,,"¥254,028",,,残高確認,三井住友銀行,,,,,,
9/2,050,,801,¥980,Spotify,娯楽/娯楽,支出,d払い,,,,,,
9/3,050,,202,"¥3,960",うどん,食費/外食,支出,d払い,,,,,,
9/4,050,,301,¥500,ChargeSPOT,生活/日用品,支出,d払い,,,,,,
9/6,050,,202,¥430,ファミマ,食費/外食,支出,d払い,,,,,,
9/6,050,,202,"¥1,140",まつけん中華食堂,食費/外食,支出,d払い,,,,,,
9/7,050,,202,¥420,ミスド,食費/外食,支出,d払い,,,,,,
9/8,050,,202,"¥1,353",むさしの森コーヒー,食費/外食,支出,d払い,,,,,,
9/8,050,,202,¥172,ファミマ,食費/外食,支出,d払い,,,,,,
9/9,050,,202,¥167,ファミマ,食費/外食,支出,d払い,,,,,,
9/13,050,,202,¥149,ローソン,食費/外食,支出,d払い,,,,,,
9/13,050,,202,¥138,ファミマ,食費/外食,支出,d払い,,,,,,
9/13,050,,202,¥197,ローソン,食費/外食,支出,d払い,,,,,,
9/14,050,,202,¥185,ローソン,食費/外食,支出,d払い,,,,,,
9/16,050,,202,¥167,ファミマ,食費/外食,支出,d払い,,,,,,
9/20,050,,1002,¥162,竹籤,その他/立替,支出,d払い,,,,,,
10/1,050,,801,"¥1,080",Spotify,娯楽/娯楽,支出,d払い,,,,,,
10/2,050,,202,¥172,ファミマ,食費/外食,支出,d払い,,,,,,
10/3,050,,202,¥149,ローソン,食費/外食,支出,d払い,,,,,,
10/3,050,,202,¥192,ローソン,食費/外食,支出,d払い,,,,,,
10/4,050,,202,¥110,ダイソー,食費/外食,支出,d払い,,,,,,
10/4,050,,202,¥695,セブン,食費/外食,支出,d払い,,,,,,
10/4,150,,1099,"¥1,849",dポイント利用,その他/その他,収入,d払い,,,,,,
10/5,350,,,"-¥18,326",,,残高確認,d払い,,,,,,
,,,,,,,,,,,,,,
9/12,041,,504,"¥4,746",ガソリン,交通費/車,支出,dカード,親,,,,,
9/6,040,,202,¥219,ドンク,食費/外食,支出,dカード,,,,,,
9/6,040,,202,¥550,マック,食費/外食,支出,dカード,,,,,,
9/7,040,,202,"¥1,570",バーキン,食費/外食,支出,dカード,,,,,,
9/8,040,,202,¥194,セブン,食費/外食,支出,dカード,,,,,,
9/14,041,,201,¥581,トップパルけ,食費/自炊,支出,dカード,親,,,,,
9/14,041,,501,"¥3,000",モバイルPASMO,交通費/電車バス,支出,dカード,親,,,,,
9/6,040,,202,¥150,自販機,食費/外食,支出,dカード,,,,,,
9/6,040,,202,¥160,自販機,食費/外食,支出,dカード,,,,,,
9/7,040,,202,¥90,自販機,食費/外食,支出,dカード,,,,,,
9/7,040,,202,¥80,自販機,食費/外食,支出,dカード,,,,,,
9/8,040,,202,¥880,ぱい麺,食費/外食,支出,dカード,,,,,,
9/10,040,,202,"¥2,770",一蘭,食費/外食,支出,dカード,,,,,,
9/14,040,,202,¥130,自販機,食費/外食,支出,dカード,,,,,,
9/14,040,,202,¥160,自販機,食費/外食,支出,dカード,,,,,,
9/28,040,,202,¥160,自販機,食費/外食,支出,dカード,,,,,,
9/26,040,,202,¥299,セブン,食費/外食,支出,dカード,,,,,,
9/26,040,,202,¥194,セブン,食費/外食,支出,dカード,,,,,,
9/26,040,,202,¥140,自販機,食費/外食,支出,dカード,,,,,,
9/24,040,,202,¥130,自販機,食費/外食,支出,dカード,,,,,,
9/24,040,,202,¥170,自販機,食費/外食,支出,dカード,,,,,,
9/24,040,,202,¥140,自販機,食費/外食,支出,dカード,,,,,,
9/19,040,,202,"¥2,343",むさしの森コーヒー,食費/外食,支出,dカード,,,,,,
9/19,040,,202,¥422,ドンク,食費/外食,支出,dカード,,,,,,
9/18,040,,202,¥460,松屋,食費/外食,支出,dカード,,,,,,
9/6,040,,504,¥490,ETC,交通費/車,支出,dカード,,,,,,
9/17,040,,501,"¥3,000",モバイルPASMO,交通費/電車バス,支出,dカード,,,,,,
9/17,040,,202,¥285,ファミマ,食費/外食,支出,dカード,,,,,,
9/16,040,,202,"¥1,000",ピッコマ,食費/外食,支出,dカード,,,,,,
9/16,040,,202,¥345,ドンク,食費/外食,支出,dカード,,,,,,
9/16,040,,301,"¥14,600",スチームアイロン,生活/日用品,支出,dカード,,,,,,
10/5,340,,,"-¥131,056",,,残高確認,dカード,,,,,,
9/30,041,,601,"¥7,022",9月分通信費,生活費/通信,支出,dカード,親,,,,,
9/30,240,5,,"¥9,915",dカード→d払い,,振替,dカード,,d払い,,,,
9/21,000,,1003,"¥114,690",dp9現金建替分,その他/借金返済,支出,現金,,,,,,
10/5,300,,,"¥22,804",,,残高確認,現金,,,,,,